"CATEGORY","TERM","TERM_ID","URL","TOTAL_GENES_OF_THE_TERM","UNION_TARGETS_IN_THE_TERM","MIRS_IN_THE_TERM","SCORE"
"KEGG","PATHWAYS_IN_CANCER","5200","http://www.kegg.jp/kegg-bin/show_pathway?mmu05200+mmu:108989+mmu:109880+mmu:110157+mmu:110279+mmu:112405+mmu:112406+mmu:112407+mmu:11350+mmu:11789+mmu:11798+mmu:11848+mmu:11863+mmu:12005+mmu:12043+mmu:12048+mmu:12156+mmu:12367+mmu:12385+mmu:12386+mmu:12387+mmu:12394+mmu:12395+mmu:12402+mmu:12443+mmu:12447+mmu:12448+mmu:12540+mmu:12566+mmu:12571+mmu:12575+mmu:12606+mmu:12675+mmu:12826+mmu:12827+mmu:12829+mmu:12928+mmu:12929+mmu:13017+mmu:13143+mmu:13176+mmu:13543+mmu:13555+mmu:13557+mmu:13649+mmu:13819+mmu:14083+mmu:14102+mmu:14103+mmu:14164+mmu:14165+mmu:14166+mmu:14167+mmu:14168+mmu:14169+mmu:14175+mmu:14176+mmu:14178+mmu:14180+mmu:14182+mmu:14184+mmu:14268+mmu:14281+mmu:14365+mmu:14366+mmu:14367+mmu:14368+mmu:14369+mmu:14633+mmu:14634+mmu:14784+mmu:15234+mmu:15245+mmu:15251+mmu:15461+mmu:16000+mmu:16001+mmu:16151+mmu:16193+mmu:16400+mmu:16403+mmu:16412+mmu:16451+mmu:16476+mmu:16590+mmu:16653+mmu:16774+mmu:170758+mmu:17126+mmu:17127+mmu:17128+mmu:17187+mmu:17295+mmu:17311+mmu:17342+mmu:17344+mmu:17390+mmu:17395+mmu:18095+mmu:18126+mmu:18176+mmu:18590+mmu:18591+mmu:18595+mmu:18596+mmu:18654+mmu:18707+mmu:18708+mmu:18709+mmu:18710+mmu:18750+mmu:18751+mmu:18803+mmu:19015+mmu:19016+mmu:19206+mmu:19211+mmu:19225+mmu:19353+mmu:19401+mmu:19645+mmu:19713+mmu:19730+mmu:19765+mmu:20181+mmu:20182+mmu:20183+mmu:20423+mmu:20525+mmu:20662+mmu:20663+mmu:20848+mmu:20850+mmu:20851+mmu:208650+mmu:21414+mmu:21416+mmu:216795+mmu:21802+mmu:21808+mmu:21809+mmu:21812+mmu:21813+mmu:218772+mmu:22027+mmu:22031+mmu:22032+mmu:22034+mmu:22339+mmu:22340+mmu:22341+mmu:22408+mmu:22410+mmu:22411+mmu:22412+mmu:22414+mmu:22416+mmu:22418+mmu:22421+mmu:22422+mmu:226519+mmu:229615+mmu:235320+mmu:23797+mmu:24069+mmu:242705+mmu:26395+mmu:26413+mmu:26414+mmu:26420+mmu:269209+mmu:27057+mmu:27401+mmu:328572+mmu:54354+mmu:56044+mmu:56458+mmu:56469+mmu:56636+mmu:56637+mmu:56717+mmu:58231+mmu:59069+mmu:67923+mmu:69635+mmu:71745+mmu:72993+mmu:74769+mmu:76551+mmu:94216","323","189","47","2.725"
"KEGG","AXON_GUIDANCE","4360","http://www.kegg.jp/kegg-bin/show_pathway?mmu04360+mmu:107448+mmu:11350+mmu:11848+mmu:12540+mmu:12568+mmu:12631+mmu:12632+mmu:12934+mmu:13176+mmu:13636+mmu:13637+mmu:13638+mmu:13640+mmu:13641+mmu:13642+mmu:13643+mmu:13836+mmu:13837+mmu:13838+mmu:13839+mmu:13841+mmu:13842+mmu:13844+mmu:13845+mmu:13846+mmu:14083+mmu:14270+mmu:14360+mmu:14677+mmu:14678+mmu:14679+mmu:15461+mmu:16412+mmu:16653+mmu:16728+mmu:16885+mmu:16886+mmu:170758+mmu:17295+mmu:17974+mmu:18019+mmu:18021+mmu:18176+mmu:18208+mmu:18479+mmu:18481+mmu:18845+mmu:19055+mmu:19056+mmu:19058+mmu:19353+mmu:19876+mmu:19877+mmu:19878+mmu:20315+mmu:20346+mmu:20347+mmu:20348+mmu:20350+mmu:20352+mmu:20353+mmu:20354+mmu:20355+mmu:20356+mmu:20358+mmu:20359+mmu:20361+mmu:20563+mmu:214230+mmu:214968+mmu:218397+mmu:22253+mmu:223881+mmu:224105+mmu:226251+mmu:231148+mmu:235611+mmu:241568+mmu:241656+mmu:243743+mmu:259302+mmu:26413+mmu:26456+mmu:268902+mmu:270190+mmu:319713+mmu:50780+mmu:53972+mmu:54446+mmu:56398+mmu:56637+mmu:65254+mmu:69632+mmu:70584+mmu:73181+mmu:80883","131","96","44","2.671"
"KEGG","MAPK_SIGNALING_PATHWAY","4010","http://www.kegg.jp/kegg-bin/show_pathway?mmu04010+mmu:102626+mmu:105352+mmu:109689+mmu:109880+mmu:109905+mmu:110157+mmu:110651+mmu:114713+mmu:11909+mmu:12064+mmu:12286+mmu:12288+mmu:12289+mmu:12290+mmu:12291+mmu:12294+mmu:12296+mmu:12297+mmu:12298+mmu:12367+mmu:12531+mmu:12540+mmu:12675+mmu:12928+mmu:12929+mmu:13197+mmu:13198+mmu:13537+mmu:13649+mmu:13712+mmu:14102+mmu:14103+mmu:14164+mmu:14165+mmu:14166+mmu:14167+mmu:14168+mmu:14169+mmu:14175+mmu:14176+mmu:14178+mmu:14180+mmu:14182+mmu:14184+mmu:14281+mmu:14701+mmu:14784+mmu:15370+mmu:15461+mmu:16151+mmu:16175+mmu:16476+mmu:16653+mmu:16765+mmu:170758+mmu:17187+mmu:17260+mmu:17346+mmu:17347+mmu:17532+mmu:17762+mmu:18015+mmu:18019+mmu:18049+mmu:18099+mmu:18176+mmu:18205+mmu:18212+mmu:18218+mmu:18479+mmu:18590+mmu:18591+mmu:18595+mmu:18596+mmu:18749+mmu:18750+mmu:18751+mmu:19043+mmu:19055+mmu:19056+mmu:19058+mmu:19099+mmu:19252+mmu:19259+mmu:19279+mmu:19353+mmu:19395+mmu:19419+mmu:20111+mmu:20112+mmu:20662+mmu:20663+mmu:20807+mmu:215449+mmu:216965+mmu:21808+mmu:21809+mmu:21812+mmu:21813+mmu:218397+mmu:21926+mmu:21937+mmu:22034+mmu:224105+mmu:225028+mmu:225724+mmu:233046+mmu:235584+mmu:237625+mmu:23797+mmu:23938+mmu:23939+mmu:239556+mmu:240168+mmu:26395+mmu:26398+mmu:26399+mmu:26400+mmu:26401+mmu:26403+mmu:26404+mmu:26405+mmu:26406+mmu:26407+mmu:26408+mmu:26409+mmu:26410+mmu:26413+mmu:26414+mmu:26416+mmu:26420+mmu:26921+mmu:269881+mmu:29857+mmu:30957+mmu:319520+mmu:338372+mmu:50772+mmu:53859+mmu:56398+mmu:56613+mmu:56636+mmu:58231+mmu:63953+mmu:66513+mmu:66922+mmu:67071+mmu:67603+mmu:68652+mmu:70686+mmu:71751+mmu:72349+mmu:73086+mmu:73181+mmu:75590+mmu:76089","271","156","46","2.358"
"KEGG","FOCAL_ADHESION","4510","http://www.kegg.jp/kegg-bin/show_pathway?mmu04510+mmu:104099+mmu:107589+mmu:107746+mmu:109711+mmu:109880+mmu:109905+mmu:110157+mmu:11465+mmu:11798+mmu:11848+mmu:11855+mmu:12043+mmu:12334+mmu:12387+mmu:12390+mmu:12391+mmu:12443+mmu:12444+mmu:12445+mmu:12540+mmu:12814+mmu:12824+mmu:12825+mmu:12826+mmu:12827+mmu:12829+mmu:12831+mmu:12832+mmu:12842+mmu:12843+mmu:12927+mmu:12928+mmu:12929+mmu:13367+mmu:13649+mmu:13712+mmu:14083+mmu:14254+mmu:14268+mmu:14360+mmu:14784+mmu:15234+mmu:15461+mmu:15891+mmu:16000+mmu:16001+mmu:16202+mmu:16400+mmu:16401+mmu:16402+mmu:16403+mmu:16404+mmu:16412+mmu:16416+mmu:16420+mmu:16476+mmu:16542+mmu:16774+mmu:170758+mmu:17295+mmu:17931+mmu:18479+mmu:18481+mmu:18590+mmu:18591+mmu:18595+mmu:18596+mmu:18607+mmu:18654+mmu:18707+mmu:18708+mmu:18709+mmu:18710+mmu:18717+mmu:18750+mmu:18751+mmu:19045+mmu:19046+mmu:19047+mmu:19211+mmu:192897+mmu:19303+mmu:19353+mmu:19699+mmu:19877+mmu:19878+mmu:20416+mmu:20662+mmu:20663+mmu:20779+mmu:214230+mmu:215449+mmu:21825+mmu:21894+mmu:21923+mmu:22323+mmu:22325+mmu:22330+mmu:22339+mmu:22340+mmu:22341+mmu:224105+mmu:226519+mmu:232906+mmu:23797+mmu:241226+mmu:241656+mmu:26395+mmu:26413+mmu:26414+mmu:26420+mmu:271849+mmu:319480+mmu:320910+mmu:53867+mmu:54635+mmu:56637+mmu:57257+mmu:70549+mmu:70584+mmu:71785+mmu:74769+mmu:94216","197","123","47","2.289"
"KEGG","PROSTATE_CANCER","5215","http://www.kegg.jp/kegg-bin/show_pathway?mmu05215+mmu:109880+mmu:110157+mmu:12043+mmu:12387+mmu:12443+mmu:12447+mmu:12448+mmu:12566+mmu:12575+mmu:12675+mmu:12912+mmu:13555+mmu:13557+mmu:13649+mmu:14182+mmu:14784+mmu:15461+mmu:16000+mmu:16001+mmu:16151+mmu:16653+mmu:18095+mmu:18176+mmu:18590+mmu:18591+mmu:18595+mmu:18596+mmu:18607+mmu:18707+mmu:18708+mmu:18709+mmu:18710+mmu:19211+mmu:19645+mmu:20662+mmu:20663+mmu:208647+mmu:21414+mmu:21416+mmu:21802+mmu:22027+mmu:231991+mmu:23797+mmu:23920+mmu:242705+mmu:26395+mmu:26413+mmu:26427+mmu:328572+mmu:54635+mmu:56458+mmu:56637+mmu:56717+mmu:71785+mmu:74769","89","55","44","2.023"
"KEGG","NEUROTROPHIN_SIGNALING_PATHWAY","4722","http://www.kegg.jp/kegg-bin/show_pathway?mmu04722+mmu:107746+mmu:108058+mmu:108960+mmu:109880+mmu:109905+mmu:110157+mmu:110651+mmu:11350+mmu:11848+mmu:12043+mmu:12064+mmu:12070+mmu:12313+mmu:12314+mmu:12315+mmu:12322+mmu:12323+mmu:12325+mmu:12540+mmu:12928+mmu:12929+mmu:12988+mmu:14103+mmu:14388+mmu:14784+mmu:15461+mmu:16179+mmu:16367+mmu:16370+mmu:16476+mmu:16653+mmu:16923+mmu:18036+mmu:18049+mmu:18053+mmu:18176+mmu:18205+mmu:18212+mmu:18707+mmu:18708+mmu:18709+mmu:18710+mmu:18753+mmu:18803+mmu:19164+mmu:19165+mmu:19247+mmu:192656+mmu:192662+mmu:19353+mmu:20111+mmu:20112+mmu:20416+mmu:20661+mmu:20662+mmu:20663+mmu:215449+mmu:22034+mmu:22627+mmu:22628+mmu:22629+mmu:22630+mmu:22631+mmu:228026+mmu:23797+mmu:23921+mmu:23938+mmu:23939+mmu:26395+mmu:26400+mmu:26401+mmu:26406+mmu:26408+mmu:26413+mmu:26414+mmu:26416+mmu:26420+mmu:271849+mmu:29857+mmu:327826+mmu:54401+mmu:56484+mmu:56613+mmu:56637+mmu:67071+mmu:72843+mmu:73086+mmu:74769+mmu:77480+mmu:94275","131","90","43","1.985"
"KEGG","WNT_SIGNALING_PATHWAY","4310","http://www.kegg.jp/kegg-bin/show_pathway?mmu04310+mmu:103583+mmu:106042+mmu:108058+mmu:11789+mmu:11848+mmu:12005+mmu:12234+mmu:12322+mmu:12323+mmu:12325+mmu:12387+mmu:12443+mmu:12444+mmu:12445+mmu:12995+mmu:13000+mmu:13017+mmu:13380+mmu:13543+mmu:14296+mmu:14365+mmu:14366+mmu:14367+mmu:14368+mmu:14369+mmu:16476+mmu:16973+mmu:16974+mmu:170758+mmu:17126+mmu:17127+mmu:17128+mmu:18019+mmu:18021+mmu:18099+mmu:18749+mmu:18750+mmu:18751+mmu:18795+mmu:19015+mmu:19052+mmu:19053+mmu:19055+mmu:19056+mmu:19058+mmu:19164+mmu:19353+mmu:19877+mmu:19878+mmu:20319+mmu:20377+mmu:20437+mmu:20438+mmu:20671+mmu:208846+mmu:212398+mmu:21402+mmu:21414+mmu:21416+mmu:216795+mmu:21770+mmu:22408+mmu:22410+mmu:22411+mmu:22412+mmu:22414+mmu:22416+mmu:22418+mmu:22421+mmu:22422+mmu:225849+mmu:26409+mmu:26414+mmu:26420+mmu:26931+mmu:26932+mmu:26965+mmu:27373+mmu:328572+mmu:54446+mmu:56398+mmu:56637+mmu:56811+mmu:67087+mmu:67772+mmu:73181+mmu:73699+mmu:75826+mmu:76441+mmu:81004+mmu:93687+mmu:93840+mmu:93960","153","93","47","1.882"
"KEGG","ERBB_SIGNALING_PATHWAY","4012","http://www.kegg.jp/kegg-bin/show_pathway?mmu04012+mmu:108058+mmu:109880+mmu:110157+mmu:11350+mmu:11352+mmu:11839+mmu:12322+mmu:12323+mmu:12325+mmu:12402+mmu:12575+mmu:12928+mmu:12929+mmu:13649+mmu:13685+mmu:13712+mmu:13867+mmu:13874+mmu:14083+mmu:14388+mmu:14784+mmu:15200+mmu:15461+mmu:16476+mmu:16653+mmu:17974+mmu:18176+mmu:18479+mmu:18481+mmu:18707+mmu:18708+mmu:18709+mmu:18710+mmu:18750+mmu:18751+mmu:18803+mmu:20416+mmu:20662+mmu:20663+mmu:20779+mmu:20850+mmu:20851+mmu:208650+mmu:214230+mmu:21802+mmu:224105+mmu:23797+mmu:241656+mmu:26395+mmu:26398+mmu:26400+mmu:26413+mmu:26414+mmu:26420+mmu:271849+mmu:56637+mmu:56717+mmu:70584+mmu:72508+mmu:74769","87","60","44","1.875"
"KEGG","RENAL_CELL_CARCINOMA","5211","http://www.kegg.jp/kegg-bin/show_pathway?mmu05211+mmu:107746+mmu:109880+mmu:109905+mmu:110157+mmu:112405+mmu:112406+mmu:112407+mmu:11863+mmu:12540+mmu:12928+mmu:12929+mmu:13819+mmu:14388+mmu:14784+mmu:15234+mmu:15251+mmu:15461+mmu:16476+mmu:16653+mmu:17295+mmu:18176+mmu:18479+mmu:18481+mmu:18590+mmu:18591+mmu:18654+mmu:18707+mmu:18708+mmu:18709+mmu:18710+mmu:19247+mmu:19353+mmu:20525+mmu:20662+mmu:20663+mmu:214230+mmu:215449+mmu:21802+mmu:21808+mmu:21809+mmu:22339+mmu:22340+mmu:22341+mmu:224105+mmu:23797+mmu:23871+mmu:241656+mmu:26395+mmu:26413+mmu:328572+mmu:67923+mmu:70584+mmu:71745+mmu:74769","71","54","39","1.862"
"KEGG","REGULATION_OF_ACTIN_CYTOSKELETON","4810","http://www.kegg.jp/kegg-bin/show_pathway?mmu04810+mmu:101314+mmu:104099+mmu:105855+mmu:107589+mmu:108083+mmu:108100+mmu:109711+mmu:109880+mmu:110157+mmu:11465+mmu:117150+mmu:11789+mmu:11848+mmu:12540+mmu:12631+mmu:12632+mmu:12669+mmu:12671+mmu:12927+mmu:12928+mmu:12929+mmu:12988+mmu:13367+mmu:13649+mmu:13800+mmu:14062+mmu:14083+mmu:14163+mmu:14164+mmu:14165+mmu:14166+mmu:14167+mmu:14168+mmu:14169+mmu:14175+mmu:14176+mmu:14178+mmu:14180+mmu:14182+mmu:14184+mmu:14268+mmu:14674+mmu:14701+mmu:15461+mmu:16400+mmu:16401+mmu:16402+mmu:16403+mmu:16404+mmu:16412+mmu:16416+mmu:16420+mmu:16653+mmu:16801+mmu:16885+mmu:16886+mmu:170758+mmu:17532+mmu:17698+mmu:17886+mmu:17931+mmu:18176+mmu:18479+mmu:18481+mmu:18590+mmu:18591+mmu:18595+mmu:18596+mmu:18643+mmu:18645+mmu:18707+mmu:18708+mmu:18709+mmu:18710+mmu:18711+mmu:18717+mmu:18718+mmu:19045+mmu:19046+mmu:19047+mmu:19241+mmu:192897+mmu:19303+mmu:19353+mmu:19684+mmu:19877+mmu:19878+mmu:20259+mmu:20544+mmu:20662+mmu:20663+mmu:214230+mmu:216963+mmu:21844+mmu:22325+mmu:22330+mmu:22350+mmu:224105+mmu:232906+mmu:23920+mmu:24001+mmu:241226+mmu:241656+mmu:242687+mmu:26395+mmu:26413+mmu:29875+mmu:319480+mmu:320910+mmu:329165+mmu:54126+mmu:544963+mmu:54635+mmu:56636+mmu:57257+mmu:66922+mmu:67771+mmu:68089+mmu:69632+mmu:70584+mmu:71785+mmu:73178+mmu:73341+mmu:74192+mmu:74769+mmu:76884+mmu:77579+mmu:83767","215","128","47","1.793"
"KEGG","GLIOMA","5214","http://www.kegg.jp/kegg-bin/show_pathway?mmu05214+mmu:108058+mmu:109880+mmu:110157+mmu:12313+mmu:12314+mmu:12315+mmu:12322+mmu:12323+mmu:12325+mmu:12443+mmu:12571+mmu:12575+mmu:13555+mmu:13557+mmu:13649+mmu:14784+mmu:15461+mmu:16000+mmu:16001+mmu:16653+mmu:18176+mmu:18590+mmu:18591+mmu:18595+mmu:18596+mmu:18707+mmu:18708+mmu:18709+mmu:18710+mmu:18750+mmu:18751+mmu:18803+mmu:19211+mmu:19645+mmu:20416+mmu:20662+mmu:20663+mmu:21802+mmu:23797+mmu:242705+mmu:26395+mmu:26413+mmu:271849+mmu:56717+mmu:74769","65","45","44","1.760"
"BIOCARTA","BIOCARTA_MAPK_PATHWAY","","http://software.broadinstitute.org/gsea/msigdb/cards/BIOCARTA_MAPK_PATHWAY","87","62","43","1.694"
"KEGG","INSULIN_SIGNALING_PATHWAY","4910","http://www.kegg.jp/kegg-bin/show_pathway?mmu04910+mmu:102093+mmu:104215+mmu:105787+mmu:106628+mmu:107476+mmu:107746+mmu:108079+mmu:108097+mmu:108099+mmu:109880+mmu:110157+mmu:12313+mmu:12314+mmu:12315+mmu:12402+mmu:12702+mmu:12703+mmu:12928+mmu:12929+mmu:13684+mmu:13685+mmu:13712+mmu:140491+mmu:14251+mmu:14252+mmu:14377+mmu:14784+mmu:14936+mmu:15277+mmu:15461+mmu:16337+mmu:16367+mmu:16370+mmu:16653+mmu:17346+mmu:17347+mmu:18176+mmu:18576+mmu:18607+mmu:18679+mmu:18707+mmu:18708+mmu:18709+mmu:18710+mmu:18749+mmu:18759+mmu:18762+mmu:19017+mmu:19045+mmu:19046+mmu:19047+mmu:19084+mmu:19087+mmu:19088+mmu:19246+mmu:19268+mmu:19744+mmu:20411+mmu:20416+mmu:20528+mmu:20662+mmu:20663+mmu:20787+mmu:208650+mmu:228966+mmu:23797+mmu:23921+mmu:244416+mmu:26395+mmu:26413+mmu:26414+mmu:26420+mmu:26987+mmu:271849+mmu:53412+mmu:54611+mmu:56458+mmu:56637+mmu:56717+mmu:64930+mmu:72508+mmu:74551+mmu:74769","137","83","44","1.553"
"KEGG","CHRONIC_MYELOID_LEUKEMIA","5220","http://www.kegg.jp/kegg-bin/show_pathway?mmu05220+mmu:109880+mmu:110157+mmu:110279+mmu:11350+mmu:12048+mmu:12394+mmu:12402+mmu:12443+mmu:12571+mmu:12575+mmu:12675+mmu:12928+mmu:12929+mmu:13017+mmu:13555+mmu:13557+mmu:14784+mmu:15461+mmu:16151+mmu:16653+mmu:17127+mmu:17128+mmu:18176+mmu:18707+mmu:18708+mmu:18709+mmu:18710+mmu:19247+mmu:19645+mmu:20416+mmu:20662+mmu:20663+mmu:20850+mmu:20851+mmu:208650+mmu:21808+mmu:21809+mmu:21812+mmu:21813+mmu:23797+mmu:242705+mmu:26395+mmu:26413+mmu:271849+mmu:74769","73","45","41","1.517"
"KEGG","TGF-BETA_SIGNALING_PATHWAY","4350","http://www.kegg.jp/kegg-bin/show_pathway?mmu04350+mmu:11477+mmu:11480+mmu:11848+mmu:12156+mmu:12166+mmu:12167+mmu:12168+mmu:12667+mmu:13559+mmu:14313+mmu:14563+mmu:15902+mmu:15903+mmu:15904+mmu:15978+mmu:16324+mmu:17125+mmu:17126+mmu:17127+mmu:17128+mmu:17129+mmu:17130+mmu:17131+mmu:18121+mmu:18741+mmu:19052+mmu:19053+mmu:19650+mmu:19651+mmu:19877+mmu:19878+mmu:20683+mmu:21402+mmu:21808+mmu:21809+mmu:21812+mmu:21813+mmu:21825+mmu:218441+mmu:21926+mmu:230597+mmu:242316+mmu:26413+mmu:268977+mmu:269275+mmu:26965+mmu:328572+mmu:72508+mmu:73699+mmu:75788","85","50","40","1.515"
"KEGG","MELANOMA","5218","http://www.kegg.jp/kegg-bin/show_pathway?mmu05218+mmu:109880+mmu:110157+mmu:12443+mmu:12571+mmu:12575+mmu:13555+mmu:13557+mmu:13649+mmu:14164+mmu:14165+mmu:14166+mmu:14167+mmu:14168+mmu:14169+mmu:14175+mmu:14176+mmu:14178+mmu:14180+mmu:14182+mmu:15234+mmu:15461+mmu:16000+mmu:16001+mmu:16653+mmu:17295+mmu:17342+mmu:18176+mmu:18590+mmu:18591+mmu:18595+mmu:18596+mmu:18707+mmu:18708+mmu:18709+mmu:18710+mmu:19211+mmu:19645+mmu:23797+mmu:242705+mmu:26395+mmu:26413+mmu:54635+mmu:56636+mmu:71785+mmu:74769","71","45","43","1.500"
"KEGG","ADHERENS_JUNCTION","4520","http://www.kegg.jp/kegg-bin/show_pathway?mmu04520+mmu:108100+mmu:109711+mmu:11465+mmu:11848+mmu:12385+mmu:12386+mmu:12387+mmu:12388+mmu:12540+mmu:12995+mmu:13000+mmu:13649+mmu:14182+mmu:14360+mmu:16001+mmu:16337+mmu:170758+mmu:17126+mmu:17127+mmu:17128+mmu:17295+mmu:18099+mmu:19246+mmu:19268+mmu:19271+mmu:19294+mmu:19353+mmu:20411+mmu:20583+mmu:20613+mmu:20779+mmu:21414+mmu:21416+mmu:21812+mmu:21813+mmu:21872+mmu:22330+mmu:22612+mmu:242687+mmu:245880+mmu:26409+mmu:26413+mmu:29875+mmu:328572+mmu:58235+mmu:71740+mmu:73178+mmu:83767+mmu:93742+mmu:99167","74","50","44","1.456"
"KEGG","T_CELL_RECEPTOR_SIGNALING_PATHWAY","4660","http://www.kegg.jp/kegg-bin/show_pathway?mmu04660+mmu:110157+mmu:11848+mmu:12402+mmu:12477+mmu:12487+mmu:12540+mmu:12675+mmu:13383+mmu:14281+mmu:14360+mmu:14784+mmu:15461+mmu:15978+mmu:16151+mmu:16153+mmu:16428+mmu:16476+mmu:16653+mmu:16822+mmu:17974+mmu:18019+mmu:18021+mmu:18036+mmu:18176+mmu:18479+mmu:18481+mmu:18707+mmu:18708+mmu:18709+mmu:18710+mmu:18761+mmu:18803+mmu:19055+mmu:19056+mmu:19058+mmu:19264+mmu:19419+mmu:20662+mmu:20663+mmu:208650+mmu:214230+mmu:21926+mmu:22325+mmu:224105+mmu:228026+mmu:23797+mmu:241656+mmu:26395+mmu:26400+mmu:26409+mmu:26410+mmu:26413+mmu:26416+mmu:26420+mmu:29857+mmu:53859+mmu:54167+mmu:54446+mmu:56398+mmu:56637+mmu:57257+mmu:70584+mmu:73181+mmu:74769","109","64","41","1.437"
"KEGG","PANCREATIC_CANCER","5212","http://www.kegg.jp/kegg-bin/show_pathway?mmu05212+mmu:109880+mmu:110157+mmu:12048+mmu:12443+mmu:12540+mmu:12571+mmu:12675+mmu:13555+mmu:13557+mmu:13649+mmu:16151+mmu:16451+mmu:16653+mmu:170758+mmu:17126+mmu:17127+mmu:17128+mmu:18654+mmu:18707+mmu:18708+mmu:18709+mmu:18710+mmu:18805+mmu:19353+mmu:19645+mmu:19730+mmu:19765+mmu:20848+mmu:21802+mmu:21808+mmu:21809+mmu:21812+mmu:21813+mmu:22339+mmu:22340+mmu:22341+mmu:23797+mmu:242705+mmu:26395+mmu:26413+mmu:26414+mmu:26420+mmu:56044+mmu:73341+mmu:74769","70","45","38","1.383"
"KEGG","ENDOCYTOSIS","4144","http://www.kegg.jp/kegg-bin/show_pathway?mmu04144+mmu:100017+mmu:103967+mmu:106572+mmu:107305+mmu:109689+mmu:110355+mmu:11554+mmu:11555+mmu:11556+mmu:11771+mmu:11773+mmu:11845+mmu:11848+mmu:12390+mmu:12391+mmu:12402+mmu:12540+mmu:12757+mmu:13132+mmu:13196+mmu:13429+mmu:13430+mmu:13649+mmu:13660+mmu:13854+mmu:13855+mmu:13858+mmu:13867+mmu:14062+mmu:14184+mmu:14254+mmu:15461+mmu:16001+mmu:16396+mmu:16542+mmu:16590+mmu:16835+mmu:17126+mmu:17127+mmu:17130+mmu:17131+mmu:17295+mmu:17999+mmu:18595+mmu:18717+mmu:18759+mmu:18762+mmu:18805+mmu:18806+mmu:19326+mmu:19334+mmu:19344+mmu:19345+mmu:194309+mmu:19713+mmu:20479+mmu:20779+mmu:20844+mmu:208650+mmu:212285+mmu:213990+mmu:215632+mmu:216238+mmu:216439+mmu:216963+mmu:21808+mmu:21809+mmu:21812+mmu:21813+mmu:218441+mmu:22034+mmu:22042+mmu:22088+mmu:227700+mmu:230597+mmu:232227+mmu:234353+mmu:234852+mmu:245666+mmu:26385+mmu:26431+mmu:268451+mmu:271457+mmu:28084+mmu:330192+mmu:347722+mmu:52055+mmu:53869+mmu:54189+mmu:54673+mmu:56324+mmu:57440+mmu:58194+mmu:58220+mmu:66251+mmu:66700+mmu:67300+mmu:68942+mmu:69780+mmu:70160+mmu:71770+mmu:72543+mmu:72685+mmu:73728+mmu:74002+mmu:74006+mmu:74998+mmu:75767+mmu:75788+mmu:77038+mmu:78287+mmu:78618+mmu:83814+mmu:84092+mmu:93742+mmu:98366","219","116","45","1.358"
"KEGG","OOCYTE_MEIOSIS","4114","http://www.kegg.jp/kegg-bin/show_pathway?mmu04114+mmu:103583+mmu:108058+mmu:110651+mmu:11512+mmu:11513+mmu:11515+mmu:12234+mmu:12313+mmu:12314+mmu:12315+mmu:12322+mmu:12323+mmu:12325+mmu:12447+mmu:12448+mmu:12566+mmu:12877+mmu:16000+mmu:16001+mmu:16438+mmu:17222+mmu:18667+mmu:18749+mmu:19045+mmu:19046+mmu:19047+mmu:19052+mmu:19053+mmu:19055+mmu:19056+mmu:19058+mmu:20111+mmu:20112+mmu:210044+mmu:21402+mmu:217232+mmu:21770+mmu:224129+mmu:225849+mmu:22627+mmu:22628+mmu:22629+mmu:22630+mmu:22631+mmu:26395+mmu:26413+mmu:26931+mmu:26932+mmu:26965+mmu:29857+mmu:432530+mmu:52563+mmu:54401+mmu:56150+mmu:56398+mmu:67071+mmu:71890+mmu:73699","112","58","44","1.346"
"KEGG","MELANOGENESIS","4916","http://www.kegg.jp/kegg-bin/show_pathway?mmu04916+mmu:108058+mmu:110157+mmu:11512+mmu:11513+mmu:11515+mmu:12313+mmu:12314+mmu:12315+mmu:12322+mmu:12323+mmu:12325+mmu:12387+mmu:12912+mmu:13543+mmu:13614+mmu:13618+mmu:14365+mmu:14366+mmu:14367+mmu:14368+mmu:14369+mmu:14677+mmu:14678+mmu:14679+mmu:14681+mmu:14682+mmu:15461+mmu:16590+mmu:16653+mmu:17311+mmu:17342+mmu:18176+mmu:18749+mmu:18750+mmu:18751+mmu:18795+mmu:208647+mmu:210044+mmu:21414+mmu:21416+mmu:216795+mmu:22408+mmu:22410+mmu:22411+mmu:22412+mmu:224129+mmu:22414+mmu:22416+mmu:22418+mmu:22421+mmu:22422+mmu:26395+mmu:26413+mmu:26427+mmu:328572+mmu:432530+mmu:56637","100","57","43","1.335"
"KEGG","ENDOMETRIAL_CANCER","5213","http://www.kegg.jp/kegg-bin/show_pathway?mmu05213+mmu:109880+mmu:110157+mmu:11789+mmu:12005+mmu:12385+mmu:12386+mmu:12387+mmu:12443+mmu:13649+mmu:13712+mmu:14784+mmu:15461+mmu:16202+mmu:16653+mmu:18176+mmu:18607+mmu:18707+mmu:18708+mmu:18709+mmu:18710+mmu:19211+mmu:20662+mmu:20663+mmu:21414+mmu:21416+mmu:23797+mmu:26395+mmu:26413+mmu:56484+mmu:56637+mmu:74769","52","31","39","1.272"
"KEGG","MTOR_SIGNALING_PATHWAY","4150","http://www.kegg.jp/kegg-bin/show_pathway?mmu04150+mmu:105787+mmu:108079+mmu:109880+mmu:110651+mmu:12283+mmu:13684+mmu:13685+mmu:15251+mmu:16000+mmu:18607+mmu:18654+mmu:18707+mmu:18708+mmu:18709+mmu:18710+mmu:19744+mmu:20111+mmu:20112+mmu:22241+mmu:22339+mmu:22340+mmu:22341+mmu:23797+mmu:26413+mmu:26987+mmu:29869+mmu:56716+mmu:56717+mmu:64930+mmu:67071+mmu:71742+mmu:72508+mmu:74747+mmu:74769+mmu:75705+mmu:78757","53","36","38","1.265"
"KEGG","CHEMOKINE_SIGNALING_PATHWAY","4062","http://www.kegg.jp/kegg-bin/show_pathway?mmu04062+mmu:109689+mmu:109880+mmu:109905+mmu:110157+mmu:110355+mmu:11512+mmu:11513+mmu:11515+mmu:11848+mmu:12540+mmu:12675+mmu:12775+mmu:12927+mmu:12928+mmu:12929+mmu:12988+mmu:140580+mmu:14083+mmu:14677+mmu:14678+mmu:14679+mmu:14688+mmu:14693+mmu:14697+mmu:14701+mmu:14702+mmu:14704+mmu:14706+mmu:14707+mmu:14784+mmu:15461+mmu:16151+mmu:16428+mmu:16452+mmu:16653+mmu:17329+mmu:18036+mmu:18176+mmu:18479+mmu:18707+mmu:18708+mmu:18709+mmu:18710+mmu:18749+mmu:18751+mmu:18753+mmu:18762+mmu:18795+mmu:19229+mmu:19303+mmu:19353+mmu:19395+mmu:19877+mmu:19878+mmu:20299+mmu:20306+mmu:20310+mmu:20312+mmu:20315+mmu:20416+mmu:20662+mmu:20663+mmu:20848+mmu:20851+mmu:210044+mmu:215449+mmu:21844+mmu:22325+mmu:224129+mmu:23797+mmu:24001+mmu:26385+mmu:26395+mmu:26413+mmu:271849+mmu:277360+mmu:432530+mmu:55985+mmu:56484+mmu:56637+mmu:57257+mmu:73178+mmu:74769+mmu:93742","187","84","44","1.233"
"KEGG","BACTERIAL_INVASION_OF_EPITHELIAL_CELLS","5100","http://www.kegg.jp/kegg-bin/show_pathway?mmu05100+mmu:103967+mmu:11465+mmu:11848+mmu:12385+mmu:12386+mmu:12387+mmu:12390+mmu:12391+mmu:12402+mmu:12488+mmu:12540+mmu:12757+mmu:12927+mmu:12928+mmu:12929+mmu:13043+mmu:13429+mmu:13430+mmu:140580+mmu:14083+mmu:14268+mmu:14388+mmu:16202+mmu:16402+mmu:16412+mmu:17295+mmu:18707+mmu:18708+mmu:18709+mmu:18710+mmu:19303+mmu:19353+mmu:20416+mmu:20779+mmu:208650+mmu:22330+mmu:242687+mmu:271849+mmu:56212+mmu:67300+mmu:67771+mmu:68089+mmu:71890+mmu:73178+mmu:74006+mmu:74192+mmu:74769+mmu:83767","71","48","38","1.224"
"KEGG","SMALL_CELL_LUNG_CANCER","5222","http://www.kegg.jp/kegg-bin/show_pathway?mmu05222+mmu:11783+mmu:11798+mmu:12043+mmu:12048+mmu:12443+mmu:12447+mmu:12448+mmu:12566+mmu:12571+mmu:12675+mmu:12826+mmu:12827+mmu:12829+mmu:13555+mmu:13557+mmu:14083+mmu:14268+mmu:16151+mmu:16400+mmu:16403+mmu:16412+mmu:16774+mmu:17187+mmu:17344+mmu:18126+mmu:18707+mmu:18708+mmu:18709+mmu:18710+mmu:19211+mmu:19225+mmu:19645+mmu:20181+mmu:20182+mmu:20183+mmu:218772+mmu:22031+mmu:22032+mmu:22034+mmu:226519+mmu:229615+mmu:23797+mmu:242705+mmu:27401+mmu:56469+mmu:74769+mmu:94216","85","47","41","1.220"
"BIOCARTA","BIOCARTA_CREB_PATHWAY","","http://software.broadinstitute.org/gsea/msigdb/cards/BIOCARTA_CREB_PATHWAY","27","20","38","1.216"
"KEGG","COLORECTAL_CANCER","5210","http://www.kegg.jp/kegg-bin/show_pathway?mmu05210+mmu:109880+mmu:110157+mmu:11789+mmu:11848+mmu:12005+mmu:12043+mmu:12367+mmu:12387+mmu:12443+mmu:13176+mmu:14281+mmu:16476+mmu:16653+mmu:170758+mmu:17126+mmu:17127+mmu:17128+mmu:18707+mmu:18708+mmu:18709+mmu:18710+mmu:19353+mmu:19730+mmu:21414+mmu:21416+mmu:21808+mmu:21809+mmu:21812+mmu:21813+mmu:23797+mmu:26395+mmu:26413+mmu:26414+mmu:26420+mmu:56637+mmu:72993+mmu:74769","65","37","39","1.215"
"BIOCARTA","BIOCARTA_MET_PATHWAY","","http://software.broadinstitute.org/gsea/msigdb/cards/BIOCARTA_MET_PATHWAY","37","28","39","1.214"
"KEGG","UBIQUITIN_MEDIATED_PROTEOLYSIS","4120","http://www.kegg.jp/kegg-bin/show_pathway?mmu04120+mmu:100763+mmu:103583+mmu:109161+mmu:11798+mmu:12189+mmu:12211+mmu:12234+mmu:12402+mmu:12702+mmu:12703+mmu:140630+mmu:14897+mmu:15204+mmu:16396+mmu:17222+mmu:17237+mmu:17318+mmu:17344+mmu:17999+mmu:19823+mmu:20437+mmu:20438+mmu:208650+mmu:21402+mmu:216080+mmu:216150+mmu:217232+mmu:217342+mmu:218793+mmu:22034+mmu:22193+mmu:22194+mmu:22195+mmu:22196+mmu:22200+mmu:22209+mmu:22210+mmu:22215+mmu:229615+mmu:231380+mmu:231672+mmu:242521+mmu:246710+mmu:26374+mmu:26401+mmu:26554+mmu:268470+mmu:26965+mmu:27401+mmu:28000+mmu:50754+mmu:50995+mmu:52563+mmu:53323+mmu:56228+mmu:56469+mmu:56550+mmu:56791+mmu:63958+mmu:66105+mmu:66799+mmu:67128+mmu:67455+mmu:67615+mmu:67921+mmu:67923+mmu:68098+mmu:68729+mmu:69288+mmu:70093+mmu:70790+mmu:71745+mmu:72584+mmu:74126+mmu:75717+mmu:75788+mmu:76375+mmu:76980+mmu:83814+mmu:93765+mmu:99375","138","81","41","1.204"
"KEGG","NON-SMALL_CELL_LUNG_CANCER","5223","http://www.kegg.jp/kegg-bin/show_pathway?mmu05223+mmu:109880+mmu:110157+mmu:12443+mmu:12571+mmu:13555+mmu:13557+mmu:13649+mmu:14784+mmu:15461+mmu:16653+mmu:18176+mmu:18607+mmu:18707+mmu:18708+mmu:18709+mmu:18710+mmu:18750+mmu:18751+mmu:18803+mmu:19645+mmu:20181+mmu:20182+mmu:20183+mmu:20662+mmu:20663+mmu:21802+mmu:218772+mmu:23797+mmu:242705+mmu:26395+mmu:26413+mmu:54354+mmu:56484+mmu:58231+mmu:74769","54","35","37","1.172"
"KEGG","FC_GAMMA_R-MEDIATED_PHAGOCYTOSIS","4666","http://www.kegg.jp/kegg-bin/show_pathway?mmu04666+mmu:103967+mmu:110157+mmu:11845+mmu:12540+mmu:12631+mmu:12632+mmu:12928+mmu:12929+mmu:13196+mmu:13429+mmu:13430+mmu:16885+mmu:16886+mmu:17118+mmu:17357+mmu:18479+mmu:18707+mmu:18708+mmu:18709+mmu:18710+mmu:18717+mmu:18750+mmu:18751+mmu:18753+mmu:18754+mmu:18803+mmu:18805+mmu:18806+mmu:19012+mmu:19264+mmu:19353+mmu:20259+mmu:218038+mmu:22323+mmu:22325+mmu:23797+mmu:242687+mmu:245880+mmu:26395+mmu:26413+mmu:56632+mmu:57257+mmu:67771+mmu:67916+mmu:68089+mmu:72508+mmu:73178+mmu:74006+mmu:74192+mmu:74769+mmu:83767","90","51","39","1.150"
"BIOCARTA","BIOCARTA_ALK_PATHWAY","","http://software.broadinstitute.org/gsea/msigdb/cards/BIOCARTA_ALK_PATHWAY","37","25","38","1.125"
"KEGG","GAP_JUNCTION","4540","http://www.kegg.jp/kegg-bin/show_pathway?mmu04540+mmu:104318+mmu:108071+mmu:110157+mmu:11512+mmu:11513+mmu:11515+mmu:11554+mmu:13488+mmu:13489+mmu:13649+mmu:14609+mmu:14617+mmu:14677+mmu:14678+mmu:14679+mmu:14682+mmu:14745+mmu:14784+mmu:15461+mmu:15558+mmu:15560+mmu:16438+mmu:16653+mmu:18176+mmu:18590+mmu:18591+mmu:18595+mmu:18596+mmu:18749+mmu:18750+mmu:18751+mmu:18795+mmu:19091+mmu:20662+mmu:20663+mmu:20779+mmu:210044+mmu:21872+mmu:22151+mmu:224129+mmu:23938+mmu:23939+mmu:26395+mmu:26405+mmu:26413+mmu:432530+mmu:54195+mmu:54635+mmu:71785+mmu:73710","88","50","41","1.118"
"KEGG","GNRH_SIGNALING_PATHWAY","4912","http://www.kegg.jp/kegg-bin/show_pathway?mmu04912+mmu:108058+mmu:110157+mmu:11512+mmu:11513+mmu:11515+mmu:12288+mmu:12289+mmu:12313+mmu:12314+mmu:12315+mmu:12322+mmu:12323+mmu:12325+mmu:12540+mmu:13649+mmu:13712+mmu:14308+mmu:14682+mmu:14784+mmu:15200+mmu:15461+mmu:16438+mmu:16476+mmu:16653+mmu:17390+mmu:18176+mmu:18749+mmu:18750+mmu:18751+mmu:18753+mmu:18795+mmu:18805+mmu:18806+mmu:19229+mmu:20662+mmu:20663+mmu:20779+mmu:210044+mmu:224129+mmu:237625+mmu:23939+mmu:26395+mmu:26398+mmu:26399+mmu:26400+mmu:26401+mmu:26405+mmu:26406+mmu:26407+mmu:26413+mmu:26414+mmu:26416+mmu:26420+mmu:29857+mmu:432530","99","55","43","1.113"
"KEGG","ACUTE_MYELOID_LEUKEMIA","5221","http://www.kegg.jp/kegg-bin/show_pathway?mmu05221+mmu:109880+mmu:110157+mmu:12394+mmu:12395+mmu:12443+mmu:12606+mmu:12675+mmu:13685+mmu:14784+mmu:15461+mmu:16151+mmu:16590+mmu:16653+mmu:18176+mmu:18707+mmu:18708+mmu:18709+mmu:18710+mmu:18712+mmu:18715+mmu:19015+mmu:19401+mmu:20662+mmu:20663+mmu:20848+mmu:20850+mmu:20851+mmu:21414+mmu:21416+mmu:235320+mmu:23797+mmu:26395+mmu:26413+mmu:56717+mmu:72508+mmu:74769","57","36","44","1.108"
"KEGG","TIGHT_JUNCTION","4530","http://www.kegg.jp/kegg-bin/show_pathway?mmu04530+mmu:109711+mmu:11465+mmu:11848+mmu:12361+mmu:12385+mmu:12386+mmu:12387+mmu:12540+mmu:12737+mmu:12738+mmu:12995+mmu:13000+mmu:13043+mmu:13821+mmu:13822+mmu:13823+mmu:14677+mmu:14678+mmu:14679+mmu:14924+mmu:15461+mmu:16456+mmu:16653+mmu:17475+mmu:17532+mmu:17879+mmu:17880+mmu:17882+mmu:17884+mmu:17886+mmu:18176+mmu:18260+mmu:18417+mmu:18750+mmu:18751+mmu:18753+mmu:18754+mmu:18759+mmu:18761+mmu:18762+mmu:19052+mmu:19053+mmu:19211+mmu:192195+mmu:20742+mmu:20779+mmu:21872+mmu:21873+mmu:22612+mmu:23797+mmu:269587+mmu:269643+mmu:30960+mmu:50791+mmu:56217+mmu:56449+mmu:58220+mmu:66922+mmu:68328+mmu:69908+mmu:71978+mmu:72930+mmu:73699+mmu:74094+mmu:75723+mmu:77579+mmu:83964+mmu:93742+mmu:99470","135","69","42","1.094"
"BIOCARTA","BIOCARTA_P38MAPK_PATHWAY","","http://software.broadinstitute.org/gsea/msigdb/cards/BIOCARTA_P38MAPK_PATHWAY","40","26","42","1.090"
"KEGG","B_CELL_RECEPTOR_SIGNALING_PATHWAY","4662","http://www.kegg.jp/kegg-bin/show_pathway?mmu04662+mmu:110157+mmu:12517+mmu:12675+mmu:14281+mmu:14784+mmu:15461+mmu:15985+mmu:16151+mmu:16476+mmu:16653+mmu:170758+mmu:18019+mmu:18021+mmu:18036+mmu:18176+mmu:18707+mmu:18708+mmu:18709+mmu:18710+mmu:18751+mmu:19055+mmu:19056+mmu:19058+mmu:19353+mmu:20662+mmu:20663+mmu:22325+mmu:23797+mmu:240168+mmu:26377+mmu:26395+mmu:26413+mmu:54446+mmu:56398+mmu:56637+mmu:57257+mmu:73181+mmu:74769","76","38","38","1.054"
"KEGG","CELL_CYCLE","4110","http://www.kegg.jp/kegg-bin/show_pathway?mmu04110+mmu:11350+mmu:12428+mmu:12443+mmu:12444+mmu:12445+mmu:12447+mmu:12448+mmu:12530+mmu:12531+mmu:12545+mmu:12566+mmu:12571+mmu:12575+mmu:12577+mmu:13197+mmu:13555+mmu:13557+mmu:13559+mmu:17126+mmu:17127+mmu:17128+mmu:17222+mmu:18393+mmu:19357+mmu:19645+mmu:19650+mmu:19651+mmu:20842+mmu:20843+mmu:211586+mmu:21402+mmu:217232+mmu:21808+mmu:21809+mmu:218294+mmu:22390+mmu:22627+mmu:22628+mmu:22629+mmu:22630+mmu:22631+mmu:229776+mmu:23834+mmu:242705+mmu:26428+mmu:26429+mmu:26965+mmu:27401+mmu:328572+mmu:52563+mmu:54401+mmu:56150+mmu:56637+mmu:66671+mmu:71890","125","55","42","1.023"
"BIOCARTA","BIOCARTA_CHREBP2_PATHWAY","","http://software.broadinstitute.org/gsea/msigdb/cards/BIOCARTA_CHREBP2_PATHWAY","44","25","40","1.013"
"BIOCARTA","BIOCARTA_PDGF_PATHWAY","","http://software.broadinstitute.org/gsea/msigdb/cards/BIOCARTA_PDGF_PATHWAY","32","24","36","1.010"
"KEGG","VEGF_SIGNALING_PATHWAY","4370","http://www.kegg.jp/kegg-bin/show_pathway?mmu04370+mmu:102626+mmu:110157+mmu:12540+mmu:14083+mmu:15461+mmu:16542+mmu:16653+mmu:170758+mmu:18019+mmu:18021+mmu:18176+mmu:18707+mmu:18708+mmu:18709+mmu:18710+mmu:18750+mmu:18751+mmu:18803+mmu:19055+mmu:19056+mmu:19058+mmu:19225+mmu:19303+mmu:19353+mmu:20779+mmu:22339+mmu:237625+mmu:23797+mmu:26395+mmu:26413+mmu:26416+mmu:27371+mmu:29857+mmu:54446+mmu:56398+mmu:56632+mmu:73181+mmu:74769","76","38","36","1.010"
"KEGG","PROGESTERONE-MEDIATED_OOCYTE_MATURATION","4914","http://www.kegg.jp/kegg-bin/show_pathway?mmu04914+mmu:109880+mmu:110157+mmu:110651+mmu:11512+mmu:11513+mmu:11515+mmu:12428+mmu:12530+mmu:12531+mmu:12566+mmu:12877+mmu:14677+mmu:14678+mmu:14679+mmu:16000+mmu:16001+mmu:16653+mmu:17222+mmu:18576+mmu:18667+mmu:18707+mmu:18708+mmu:18709+mmu:18710+mmu:18749+mmu:20111+mmu:20112+mmu:210044+mmu:217232+mmu:224129+mmu:23797+mmu:26395+mmu:26413+mmu:26414+mmu:26416+mmu:26420+mmu:29857+mmu:432530+mmu:52563+mmu:54611+mmu:56150+mmu:67071+mmu:71890+mmu:74769","87","44","42","1.005"
"BIOCARTA","BIOCARTA_GPCR_PATHWAY","","http://software.broadinstitute.org/gsea/msigdb/cards/BIOCARTA_GPCR_PATHWAY","35","26","39","0.979"
"KEGG","PROTEIN_PROCESSING_IN_ENDOPLASMIC_RETICULUM","4141","http://www.kegg.jp/kegg-bin/show_pathway?mmu04141+mmu:103963+mmu:107513+mmu:110616+mmu:116891+mmu:12018+mmu:12043+mmu:12282+mmu:12330+mmu:12334+mmu:12954+mmu:13002+mmu:13198+mmu:13418+mmu:13665+mmu:13666+mmu:140740+mmu:14376+mmu:14827+mmu:14828+mmu:16430+mmu:17155+mmu:17156+mmu:18024+mmu:18786+mmu:19106+mmu:192193+mmu:19358+mmu:19359+mmu:20014+mmu:20224+mmu:20334+mmu:20338+mmu:21402+mmu:216080+mmu:216197+mmu:217365+mmu:218793+mmu:218811+mmu:22027+mmu:22193+mmu:22194+mmu:223455+mmu:22393+mmu:22433+mmu:226418+mmu:227619+mmu:230815+mmu:23802+mmu:26400+mmu:26408+mmu:26414+mmu:26420+mmu:26965+mmu:53421+mmu:54197+mmu:54609+mmu:56085+mmu:56228+mmu:56445+mmu:56453+mmu:56550+mmu:56709+mmu:56812+mmu:57377+mmu:57743+mmu:63958+mmu:66105+mmu:66326+mmu:66397+mmu:66753+mmu:66890+mmu:66967+mmu:67128+mmu:67397+mmu:67437+mmu:68292+mmu:69276+mmu:69608+mmu:70361+mmu:71853+mmu:72265+mmu:74126+mmu:77371+mmu:78943+mmu:80286+mmu:81489+mmu:94232","167","87","41","0.978"
"KEGG","LONG-TERM_POTENTIATION","4720","http://www.kegg.jp/kegg-bin/show_pathway?mmu04720+mmu:108058+mmu:108071+mmu:109880+mmu:109905+mmu:110157+mmu:110651+mmu:12288+mmu:12313+mmu:12314+mmu:12315+mmu:12322+mmu:12323+mmu:12325+mmu:14682+mmu:14800+mmu:14810+mmu:15461+mmu:16438+mmu:16653+mmu:17931+mmu:18176+mmu:18749+mmu:18750+mmu:18751+mmu:18795+mmu:19045+mmu:19046+mmu:19047+mmu:19055+mmu:19056+mmu:19058+mmu:20111+mmu:20112+mmu:215449+mmu:26395+mmu:26413+mmu:328572+mmu:432530+mmu:56398+mmu:67071","69","40","38","0.958"
"KEGG","CHAGAS_DISEASE","5142","http://www.kegg.jp/kegg-bin/show_pathway?mmu05142+mmu:11421+mmu:12675+mmu:14102+mmu:14103+mmu:14281+mmu:14677+mmu:14678+mmu:14679+mmu:14680+mmu:14681+mmu:14682+mmu:15978+mmu:16151+mmu:16153+mmu:16179+mmu:16193+mmu:16476+mmu:17126+mmu:17127+mmu:18126+mmu:18707+mmu:18708+mmu:18709+mmu:18710+mmu:18787+mmu:18795+mmu:19052+mmu:19053+mmu:21808+mmu:21809+mmu:21812+mmu:21813+mmu:21926+mmu:21937+mmu:22034+mmu:23797+mmu:26398+mmu:26413+mmu:26414+mmu:26416+mmu:26420+mmu:269643+mmu:29857+mmu:432530+mmu:71978+mmu:72930+mmu:73699+mmu:74769","102","48","42","0.950"
"BIOCARTA","BIOCARTA_KERATINOCYTE_PATHWAY","","http://software.broadinstitute.org/gsea/msigdb/cards/BIOCARTA_KERATINOCYTE_PATHWAY","46","30","36","0.929"
"KEGG","DILATED_CARDIOMYOPATHY","5414","http://www.kegg.jp/kegg-bin/show_pathway?mmu05414+mmu:104099+mmu:11464+mmu:11465+mmu:11512+mmu:11513+mmu:11515+mmu:11554+mmu:11938+mmu:12288+mmu:12289+mmu:12294+mmu:12296+mmu:12297+mmu:12298+mmu:13138+mmu:13405+mmu:16000+mmu:16400+mmu:16401+mmu:16402+mmu:16403+mmu:16404+mmu:16412+mmu:16416+mmu:16420+mmu:18749+mmu:192897+mmu:20191+mmu:20541+mmu:210044+mmu:21808+mmu:21809+mmu:21926+mmu:22003+mmu:22138+mmu:224129+mmu:24051+mmu:24052+mmu:241226+mmu:319480+mmu:320910+mmu:432530+mmu:59069","89","43","40","0.911"
"BIOCARTA","BIOCARTA_AT1R_PATHWAY","","http://software.broadinstitute.org/gsea/msigdb/cards/BIOCARTA_AT1R_PATHWAY","34","26","37","0.894"
"KEGG","HYPERTROPHIC_CARDIOMYOPATHY_(HCM)","5410","http://www.kegg.jp/kegg-bin/show_pathway?mmu05410+mmu:104099+mmu:105787+mmu:108079+mmu:108097+mmu:108099+mmu:11421+mmu:11464+mmu:11465+mmu:11938+mmu:12288+mmu:12289+mmu:12294+mmu:12296+mmu:12297+mmu:12298+mmu:13138+mmu:13405+mmu:13614+mmu:13615+mmu:16000+mmu:16193+mmu:16400+mmu:16401+mmu:16402+mmu:16403+mmu:16404+mmu:16412+mmu:16416+mmu:16420+mmu:192897+mmu:20191+mmu:20541+mmu:21808+mmu:21809+mmu:21926+mmu:22003+mmu:22138+mmu:24051+mmu:24052+mmu:241226+mmu:319480+mmu:320910+mmu:59069","87","43","39","0.892"
"BIOCARTA","BIOCARTA_EGF_PATHWAY","","http://software.broadinstitute.org/gsea/msigdb/cards/BIOCARTA_EGF_PATHWAY","31","23","34","0.884"
"BIOCARTA","BIOCARTA_PPARA_PATHWAY","","http://software.broadinstitute.org/gsea/msigdb/cards/BIOCARTA_PPARA_PATHWAY","58","32","37","0.880"
"KEGG","PHOSPHATIDYLINOSITOL_SIGNALING_SYSTEM","4070","http://www.kegg.jp/kegg-bin/show_pathway?mmu04070+mmu:104015+mmu:104418+mmu:107650+mmu:108083+mmu:110911+mmu:114663+mmu:117150+mmu:12313+mmu:12314+mmu:12315+mmu:13139+mmu:16438+mmu:170835+mmu:18704+mmu:18707+mmu:18708+mmu:18709+mmu:18710+mmu:18711+mmu:18717+mmu:18718+mmu:18750+mmu:18751+mmu:18795+mmu:18803+mmu:19211+mmu:20975+mmu:212111+mmu:217480+mmu:217837+mmu:227333+mmu:234515+mmu:240752+mmu:320127+mmu:320634+mmu:380921+mmu:55980+mmu:56077+mmu:67073+mmu:74596+mmu:74769+mmu:75678+mmu:84095","78","43","37","0.863"
"KEGG","ADIPOCYTOKINE_SIGNALING_PATHWAY","4920","http://www.kegg.jp/kegg-bin/show_pathway?mmu04920+mmu:105787+mmu:108079+mmu:108097+mmu:108099+mmu:12675+mmu:12702+mmu:14081+mmu:14377+mmu:16151+mmu:16367+mmu:16370+mmu:16452+mmu:16846+mmu:16847+mmu:18036+mmu:18761+mmu:19013+mmu:19017+mmu:19247+mmu:20181+mmu:20182+mmu:20183+mmu:20525+mmu:20528+mmu:20848+mmu:216739+mmu:21926+mmu:21937+mmu:21938+mmu:23797+mmu:26414+mmu:26420+mmu:50790+mmu:56717+mmu:68465+mmu:74205+mmu:74551","68","37","39","0.841"
"BIOCARTA","BIOCARTA_NFAT_PATHWAY","","http://software.broadinstitute.org/gsea/msigdb/cards/BIOCARTA_NFAT_PATHWAY","54","30","35","0.836"
"BIOCARTA","BIOCARTA_BAD_PATHWAY","","http://software.broadinstitute.org/gsea/msigdb/cards/BIOCARTA_BAD_PATHWAY","26","14","31","0.830"
"KEGG","FC_EPSILON_RI_SIGNALING_PATHWAY","4664","http://www.kegg.jp/kegg-bin/show_pathway?mmu04664+mmu:110157+mmu:14360+mmu:14784+mmu:15461+mmu:16163+mmu:16653+mmu:16822+mmu:170758+mmu:18176+mmu:18707+mmu:18708+mmu:18709+mmu:18710+mmu:18750+mmu:18751+mmu:18753+mmu:18754+mmu:18803+mmu:19353+mmu:20662+mmu:20663+mmu:21926+mmu:22325+mmu:228026+mmu:237625+mmu:23797+mmu:26395+mmu:26398+mmu:26399+mmu:26400+mmu:26413+mmu:26414+mmu:26416+mmu:26420+mmu:29857+mmu:57257+mmu:74769","80","37","38","0.828"
"KEGG","ARRHYTHMOGENIC_RIGHT_VENTRICULAR_CARDIOMYOPATHY_(ARVC)","5412","http://www.kegg.jp/kegg-bin/show_pathway?mmu05412+mmu:104099+mmu:109711+mmu:11465+mmu:11938+mmu:12288+mmu:12289+mmu:12294+mmu:12296+mmu:12297+mmu:12298+mmu:12385+mmu:12386+mmu:12387+mmu:12558+mmu:13138+mmu:13405+mmu:13506+mmu:14609+mmu:16400+mmu:16401+mmu:16402+mmu:16403+mmu:16404+mmu:16412+mmu:16416+mmu:16420+mmu:192897+mmu:20191+mmu:20541+mmu:21414+mmu:21416+mmu:24051+mmu:24052+mmu:241226+mmu:319480+mmu:320910","74","36","39","0.816"
"KEGG","GASTRIC_ACID_SECRETION","4971","http://www.kegg.jp/kegg-bin/show_pathway?mmu04971+mmu:107589+mmu:108058+mmu:11512+mmu:11513+mmu:11515+mmu:11931+mmu:11932+mmu:11933+mmu:12313+mmu:12314+mmu:12315+mmu:12322+mmu:12323+mmu:12325+mmu:12349+mmu:12426+mmu:12671+mmu:14677+mmu:14678+mmu:14679+mmu:14682+mmu:16438+mmu:16513+mmu:16518+mmu:16526+mmu:18749+mmu:18750+mmu:18751+mmu:18795+mmu:20544+mmu:210044+mmu:22350+mmu:224129+mmu:232975+mmu:432530+mmu:67821+mmu:72258+mmu:98660","73","38","40","0.815"
"KEGG","ECM-RECEPTOR_INTERACTION","4512","http://www.kegg.jp/kegg-bin/show_pathway?mmu04512+mmu:104099+mmu:114249+mmu:11603+mmu:12505+mmu:12814+mmu:12824+mmu:12825+mmu:12826+mmu:12827+mmu:12829+mmu:12831+mmu:12832+mmu:12842+mmu:12843+mmu:13138+mmu:14268+mmu:15529+mmu:15530+mmu:15891+mmu:16400+mmu:16401+mmu:16402+mmu:16403+mmu:16404+mmu:16412+mmu:16416+mmu:16420+mmu:16423+mmu:16774+mmu:192897+mmu:19699+mmu:20969+mmu:20970+mmu:20971+mmu:21825+mmu:21923+mmu:226519+mmu:241226+mmu:319480+mmu:320910+mmu:53867+mmu:64051+mmu:94216","83","43","38","0.812"
"BIOCARTA","BIOCARTA_AGR_PATHWAY","","http://software.broadinstitute.org/gsea/msigdb/cards/BIOCARTA_AGR_PATHWAY","36","24","34","0.811"
"KEGG","HEDGEHOG_SIGNALING_PATHWAY","4340","http://www.kegg.jp/kegg-bin/show_pathway?mmu04340+mmu:103583+mmu:104318+mmu:12156+mmu:12234+mmu:14633+mmu:14634+mmu:14725+mmu:15245+mmu:16147+mmu:18749+mmu:19206+mmu:19335+mmu:20423+mmu:214897+mmu:216795+mmu:22408+mmu:22410+mmu:22411+mmu:22412+mmu:22414+mmu:22416+mmu:22418+mmu:22421+mmu:22422+mmu:24069+mmu:269209+mmu:27373+mmu:56637+mmu:70425+mmu:93687","54","30","39","0.809"
"BIOCARTA","BIOCARTA_ERK_PATHWAY","","http://software.broadinstitute.org/gsea/msigdb/cards/BIOCARTA_ERK_PATHWAY","28","22","38","0.805"
"BIOCARTA","BIOCARTA_PYK2_PATHWAY","","http://software.broadinstitute.org/gsea/msigdb/cards/BIOCARTA_PYK2_PATHWAY","29","23","33","0.804"
"KEGG","PROTEIN_DIGESTION_AND_ABSORPTION","4974","http://www.kegg.jp/kegg-bin/show_pathway?mmu04974+mmu:110891+mmu:11931+mmu:11932+mmu:11933+mmu:12814+mmu:12816+mmu:12818+mmu:12819+mmu:12821+mmu:12824+mmu:12825+mmu:12826+mmu:12827+mmu:12829+mmu:12831+mmu:12832+mmu:12839+mmu:12841+mmu:12842+mmu:12843+mmu:13482+mmu:13717+mmu:16529+mmu:17254+mmu:17380+mmu:20510+mmu:20540+mmu:20541+mmu:215335+mmu:232975+mmu:53867+mmu:67760+mmu:67821+mmu:94216+mmu:98660","75","35","38","0.779"
"KEGG","HEPATITIS_C","5160","http://www.kegg.jp/kegg-bin/show_pathway?mmu05160+mmu:109880+mmu:110157+mmu:12575+mmu:12675+mmu:12702+mmu:12737+mmu:12738+mmu:13649+mmu:13665+mmu:13666+mmu:14784+mmu:15461+mmu:15976+mmu:16151+mmu:16362+mmu:16391+mmu:16451+mmu:16653+mmu:16835+mmu:17344+mmu:18176+mmu:18260+mmu:18417+mmu:18707+mmu:18708+mmu:18709+mmu:18710+mmu:19013+mmu:19052+mmu:19053+mmu:19106+mmu:19192+mmu:19766+mmu:20181+mmu:20662+mmu:20663+mmu:20848+mmu:21926+mmu:21937+mmu:22031+mmu:22034+mmu:228026+mmu:228607+mmu:229615+mmu:23797+mmu:26413+mmu:26414+mmu:26416+mmu:26420+mmu:269643+mmu:29857+mmu:56469+mmu:56480+mmu:56489+mmu:56637+mmu:71978+mmu:72930+mmu:73699+mmu:74769","137","59","40","0.772"
"BIOCARTA","BIOCARTA_PAR1_PATHWAY","","http://software.broadinstitute.org/gsea/msigdb/cards/BIOCARTA_PAR1_PATHWAY","37","26","36","0.763"
"KEGG","BLADDER_CANCER","5219","http://www.kegg.jp/kegg-bin/show_pathway?mmu05219+mmu:109880+mmu:110157+mmu:12443+mmu:12575+mmu:13143+mmu:13555+mmu:13557+mmu:13649+mmu:14184+mmu:15461+mmu:16653+mmu:17390+mmu:17395+mmu:18176+mmu:18654+mmu:19645+mmu:21825+mmu:22339+mmu:22340+mmu:22341+mmu:242705+mmu:26395+mmu:26413+mmu:69635+mmu:73086","42","25","37","0.762"
"BIOCARTA","BIOCARTA_FCER1_PATHWAY","","http://software.broadinstitute.org/gsea/msigdb/cards/BIOCARTA_FCER1_PATHWAY","39","24","31","0.761"
"KEGG","CALCIUM_SIGNALING_PATHWAY","4020","http://www.kegg.jp/kegg-bin/show_pathway?mmu04020+mmu:102093+mmu:107589+mmu:108058+mmu:108071+mmu:110891+mmu:11513+mmu:11515+mmu:11541+mmu:11550+mmu:11554+mmu:11555+mmu:11556+mmu:11938+mmu:11941+mmu:12286+mmu:12288+mmu:12289+mmu:12290+mmu:12291+mmu:12313+mmu:12314+mmu:12315+mmu:12322+mmu:12323+mmu:12325+mmu:12426+mmu:12669+mmu:12671+mmu:13488+mmu:13617+mmu:13618+mmu:13649+mmu:13867+mmu:14062+mmu:14680+mmu:14682+mmu:14810+mmu:15558+mmu:15560+mmu:15562+mmu:15566+mmu:16438+mmu:18126+mmu:18430+mmu:18436+mmu:18438+mmu:18573+mmu:18574+mmu:18575+mmu:18595+mmu:18596+mmu:18679+mmu:18749+mmu:18750+mmu:18751+mmu:18795+mmu:18803+mmu:19055+mmu:19056+mmu:19058+mmu:19218+mmu:19220+mmu:19229+mmu:20191+mmu:20192+mmu:20541+mmu:210044+mmu:21336+mmu:22045+mmu:22333+mmu:22334+mmu:239556+mmu:26361+mmu:381290+mmu:432530+mmu:56398+mmu:56632+mmu:67972","178","78","42","0.757"
"BIOCARTA","BIOCARTA_TCR_PATHWAY","","http://software.broadinstitute.org/gsea/msigdb/cards/BIOCARTA_TCR_PATHWAY","47","25","33","0.752"
"KEGG","AMOEBIASIS","5146","http://www.kegg.jp/kegg-bin/show_pathway?mmu05146+mmu:109711+mmu:12367+mmu:12814+mmu:12824+mmu:12825+mmu:12826+mmu:12827+mmu:12829+mmu:12831+mmu:12832+mmu:12842+mmu:12843+mmu:14083+mmu:14268+mmu:14680+mmu:14682+mmu:15978+mmu:16153+mmu:16193+mmu:16774+mmu:18126+mmu:18707+mmu:18708+mmu:18709+mmu:18710+mmu:18749+mmu:18750+mmu:18751+mmu:18795+mmu:19344+mmu:19345+mmu:21808+mmu:21809+mmu:21926+mmu:22330+mmu:226519+mmu:271457+mmu:432530+mmu:53867+mmu:74769+mmu:94216","115","41","36","0.730"
"KEGG","JAK-STAT_SIGNALING_PATHWAY","4630","http://www.kegg.jp/kegg-bin/show_pathway?mmu04630+mmu:101809+mmu:114715+mmu:114716+mmu:12048+mmu:12402+mmu:12443+mmu:12444+mmu:12445+mmu:12700+mmu:12702+mmu:12703+mmu:12804+mmu:12985+mmu:14600+mmu:14784+mmu:15976+mmu:15978+mmu:16153+mmu:16154+mmu:16163+mmu:16164+mmu:16193+mmu:16194+mmu:16195+mmu:16197+mmu:16199+mmu:16391+mmu:16451+mmu:16452+mmu:16846+mmu:16847+mmu:16878+mmu:16880+mmu:17344+mmu:18414+mmu:18707+mmu:18708+mmu:18709+mmu:18710+mmu:18712+mmu:19116+mmu:192157+mmu:19247+mmu:20662+mmu:20663+mmu:20844+mmu:20848+mmu:20849+mmu:20850+mmu:20851+mmu:208650+mmu:229615+mmu:23797+mmu:24063+mmu:24064+mmu:24066+mmu:242700+mmu:328572+mmu:53603+mmu:56324+mmu:56468+mmu:56469+mmu:56708+mmu:60505+mmu:74769+mmu:93672","153","66","40","0.729"
"BIOCARTA","BIOCARTA_VIP_PATHWAY","","http://software.broadinstitute.org/gsea/msigdb/cards/BIOCARTA_VIP_PATHWAY","27","17","33","0.722"
"KEGG","CYTOKINE-CYTOKINE_RECEPTOR_INTERACTION","4060","http://www.kegg.jp/kegg-bin/show_pathway?mmu04060+mmu:11477+mmu:11479+mmu:11480+mmu:12156+mmu:12166+mmu:12167+mmu:12168+mmu:12775+mmu:12804+mmu:12977+mmu:12985+mmu:13607+mmu:13608+mmu:13649+mmu:140806+mmu:14102+mmu:14103+mmu:14254+mmu:14563+mmu:14600+mmu:15234+mmu:15976+mmu:15978+mmu:16153+mmu:16154+mmu:16163+mmu:16164+mmu:16175+mmu:16180+mmu:16193+mmu:16194+mmu:16195+mmu:16197+mmu:16199+mmu:16324+mmu:16542+mmu:16590+mmu:16846+mmu:16847+mmu:16878+mmu:16880+mmu:17000+mmu:17295+mmu:17311+mmu:17329+mmu:18053+mmu:18383+mmu:18414+mmu:18590+mmu:18591+mmu:18595+mmu:18596+mmu:18654+mmu:19116+mmu:20299+mmu:20306+mmu:20310+mmu:20312+mmu:20315+mmu:21808+mmu:21809+mmu:21812+mmu:21813+mmu:21926+mmu:21937+mmu:21938+mmu:21943+mmu:22164+mmu:22339+mmu:22340+mmu:22341+mmu:242316+mmu:242700+mmu:29820+mmu:53603+mmu:54635+mmu:55985+mmu:56708+mmu:60505+mmu:71785+mmu:93672+mmu:94185","262","82","43","0.713"
"KEGG","LEUKOCYTE_TRANSENDOTHELIAL_MIGRATION","4670","http://www.kegg.jp/kegg-bin/show_pathway?mmu04670+mmu:109711+mmu:109905+mmu:11465+mmu:11848+mmu:11855+mmu:12385+mmu:12386+mmu:12387+mmu:12388+mmu:12540+mmu:12562+mmu:12737+mmu:12738+mmu:12927+mmu:13058+mmu:14083+mmu:14677+mmu:14678+mmu:14679+mmu:16401+mmu:16412+mmu:16428+mmu:16456+mmu:17390+mmu:17395+mmu:17698+mmu:18260+mmu:18417+mmu:18613+mmu:18707+mmu:18708+mmu:18709+mmu:18710+mmu:18750+mmu:18751+mmu:18803+mmu:19229+mmu:19247+mmu:19303+mmu:19353+mmu:19877+mmu:19878+mmu:20315+mmu:215449+mmu:21838+mmu:22323+mmu:22325+mmu:22330+mmu:22350+mmu:232906+mmu:26416+mmu:29857+mmu:54354+mmu:57257+mmu:74769+mmu:83964","120","56","38","0.713"
"KEGG","P53_SIGNALING_PATHWAY","4115","http://www.kegg.jp/kegg-bin/show_pathway?mmu04115+mmu:107831+mmu:11783+mmu:12367+mmu:12443+mmu:12444+mmu:12445+mmu:12447+mmu:12448+mmu:12450+mmu:12452+mmu:12566+mmu:12571+mmu:12575+mmu:13197+mmu:13663+mmu:140742+mmu:14102+mmu:16000+mmu:170770+mmu:18787+mmu:19211+mmu:20135+mmu:20437+mmu:20438+mmu:21825+mmu:22401+mmu:230784+mmu:26374+mmu:382985+mmu:53892+mmu:58801+mmu:64058+mmu:67874+mmu:68098","69","34","37","0.711"
"KEGG","APOPTOSIS","4210","http://www.kegg.jp/kegg-bin/show_pathway?mmu04210+mmu:108960+mmu:11783+mmu:11798+mmu:12043+mmu:12048+mmu:12334+mmu:12367+mmu:12369+mmu:12675+mmu:13347+mmu:14102+mmu:14103+mmu:16151+mmu:16175+mmu:16179+mmu:16180+mmu:18049+mmu:18707+mmu:18708+mmu:18709+mmu:18710+mmu:18749+mmu:19055+mmu:19056+mmu:19058+mmu:19084+mmu:19087+mmu:19088+mmu:19766+mmu:21926+mmu:21937+mmu:23797+mmu:26926+mmu:53859+mmu:56398+mmu:71946+mmu:74769","86","37","38","0.687"
"KEGG","ALDOSTERONE-REGULATED_SODIUM_REABSORPTION","4960","http://www.kegg.jp/kegg-bin/show_pathway?mmu04960+mmu:110784+mmu:11931+mmu:11932+mmu:11933+mmu:15484+mmu:16000+mmu:16337+mmu:16367+mmu:16370+mmu:16653+mmu:18607+mmu:18707+mmu:18708+mmu:18709+mmu:18710+mmu:18750+mmu:18751+mmu:20276+mmu:20393+mmu:232975+mmu:26413+mmu:67821+mmu:74769+mmu:83814+mmu:98660","44","25","36","0.684"
"KEGG","VASCULAR_SMOOTH_MUSCLE_CONTRACTION","4270","http://www.kegg.jp/kegg-bin/show_pathway?mmu04270+mmu:107589+mmu:109624+mmu:109880+mmu:110157+mmu:11475+mmu:11512+mmu:11513+mmu:11515+mmu:11535+mmu:11541+mmu:11550+mmu:11848+mmu:12288+mmu:12289+mmu:12313+mmu:12314+mmu:12315+mmu:13614+mmu:13615+mmu:13617+mmu:14674+mmu:14682+mmu:16438+mmu:16531+mmu:16801+mmu:17540+mmu:17880+mmu:17931+mmu:18749+mmu:18750+mmu:18751+mmu:18753+mmu:18754+mmu:18761+mmu:18795+mmu:19045+mmu:19046+mmu:19047+mmu:19091+mmu:19877+mmu:19878+mmu:210044+mmu:213498+mmu:224129+mmu:237625+mmu:26361+mmu:26395+mmu:26413+mmu:432530+mmu:54195+mmu:54598+mmu:69632+mmu:72413","133","53","39","0.684"
"BIOCARTA","BIOCARTA_WNT_PATHWAY","","http://software.broadinstitute.org/gsea/msigdb/cards/BIOCARTA_WNT_PATHWAY","26","17","27","0.679"
"BIOCARTA","BIOCARTA_BIOPEPTIDES_PATHWAY","","http://software.broadinstitute.org/gsea/msigdb/cards/BIOCARTA_BIOPEPTIDES_PATHWAY","43","30","35","0.673"
"BIOCARTA","BIOCARTA_GH_PATHWAY","","http://software.broadinstitute.org/gsea/msigdb/cards/BIOCARTA_GH_PATHWAY","28","20","33","0.673"
"KEGG","NEUROACTIVE_LIGAND-RECEPTOR_INTERACTION","4080","http://www.kegg.jp/kegg-bin/show_pathway?mmu04080+mmu:107515+mmu:108069+mmu:108071+mmu:108073+mmu:110886+mmu:11516+mmu:11517+mmu:11541+mmu:11550+mmu:11551+mmu:11552+mmu:11553+mmu:11554+mmu:11555+mmu:11556+mmu:11609+mmu:12209+mmu:12311+mmu:12424+mmu:12426+mmu:12669+mmu:12671+mmu:12801+mmu:12802+mmu:12918+mmu:13488+mmu:13489+mmu:13609+mmu:13614+mmu:13615+mmu:13617+mmu:13618+mmu:14062+mmu:14308+mmu:14394+mmu:14397+mmu:14399+mmu:14400+mmu:14401+mmu:14402+mmu:14526+mmu:14600+mmu:14658+mmu:14745+mmu:14800+mmu:14802+mmu:14807+mmu:14810+mmu:14815+mmu:14823+mmu:15550+mmu:15558+mmu:15560+mmu:15562+mmu:15566+mmu:16846+mmu:16847+mmu:18167+mmu:18430+mmu:18436+mmu:18438+mmu:18441+mmu:19116+mmu:19214+mmu:19217+mmu:19218+mmu:19219+mmu:19220+mmu:208188+mmu:21336+mmu:216643+mmu:216749+mmu:21833+mmu:21834+mmu:22045+mmu:22353+mmu:225642+mmu:237213+mmu:239845+mmu:242425+mmu:26361+mmu:30878+mmu:387285+mmu:53623+mmu:53978+mmu:54598+mmu:65086+mmu:67168+mmu:67405+mmu:93742","320","90","41","0.673"
"KEGG","RNA_DEGRADATION","3018","http://www.kegg.jp/kegg-bin/show_pathway?mmu03018+mmu:104625+mmu:13209+mmu:15510+mmu:15526+mmu:18789+mmu:18983+mmu:210106+mmu:216578+mmu:225929+mmu:231464+mmu:234594+mmu:24127+mmu:24128+mmu:27756+mmu:353190+mmu:53621+mmu:57316+mmu:58184+mmu:69125+mmu:69639+mmu:70640+mmu:72068+mmu:72662+mmu:75901","58","24","37","0.670"
"KEGG","BASAL_CELL_CARCINOMA","5217","http://www.kegg.jp/kegg-bin/show_pathway?mmu05217+mmu:11789+mmu:12005+mmu:12156+mmu:12387+mmu:13543+mmu:14365+mmu:14366+mmu:14367+mmu:14368+mmu:14369+mmu:14633+mmu:14634+mmu:15245+mmu:19206+mmu:20423+mmu:21414+mmu:21416+mmu:216795+mmu:22408+mmu:22410+mmu:22411+mmu:22412+mmu:22414+mmu:22416+mmu:22418+mmu:22421+mmu:22422+mmu:24069+mmu:269209+mmu:56637","55","30","37","0.667"
"KEGG","INOSITOL_PHOSPHATE_METABOLISM","562","http://www.kegg.jp/kegg-bin/show_pathway?mmu00562+mmu:104015+mmu:107650+mmu:108083+mmu:114663+mmu:117150+mmu:170835+mmu:17330+mmu:18704+mmu:18707+mmu:18711+mmu:18717+mmu:18718+mmu:18795+mmu:18803+mmu:19211+mmu:20975+mmu:212111+mmu:217837+mmu:234515+mmu:240752+mmu:320634+mmu:55980+mmu:67073+mmu:69718+mmu:74769+mmu:75678+mmu:84095","57","27","36","0.659"
"KEGG","LONG-TERM_DEPRESSION","4730","http://www.kegg.jp/kegg-bin/show_pathway?mmu04730+mmu:108071+mmu:109880+mmu:110157+mmu:12286+mmu:12918+mmu:14674+mmu:14677+mmu:14678+mmu:14679+mmu:14681+mmu:14682+mmu:14800+mmu:15461+mmu:16000+mmu:16001+mmu:16438+mmu:16653+mmu:18176+mmu:18750+mmu:18751+mmu:18795+mmu:19052+mmu:19053+mmu:19091+mmu:237625+mmu:26395+mmu:26413+mmu:53623+mmu:54195+mmu:73699","72","30","37","0.653"
"KEGG","SALIVARY_SECRETION","4970","http://www.kegg.jp/kegg-bin/show_pathway?mmu04970+mmu:11512+mmu:11513+mmu:11515+mmu:11550+mmu:11554+mmu:11555+mmu:11556+mmu:11931+mmu:11932+mmu:11933+mmu:11941+mmu:12313+mmu:12314+mmu:12315+mmu:12671+mmu:14682+mmu:16438+mmu:16531+mmu:18749+mmu:18750+mmu:18751+mmu:18795+mmu:19091+mmu:20192+mmu:20496+mmu:20544+mmu:210044+mmu:22318+mmu:224129+mmu:232975+mmu:381290+mmu:432530+mmu:54195+mmu:64177+mmu:67821+mmu:67972+mmu:98660","77","37","36","0.653"
"KEGG","RNA_TRANSPORT","3013","http://www.kegg.jp/kegg-bin/show_pathway?mmu03013+mmu:103573+mmu:107939+mmu:108989+mmu:114615+mmu:13627+mmu:13628+mmu:13665+mmu:13669+mmu:13682+mmu:13684+mmu:13685+mmu:13690+mmu:16211+mmu:18141+mmu:18458+mmu:18949+mmu:192160+mmu:19704+mmu:20610+mmu:208643+mmu:20901+mmu:217869+mmu:218210+mmu:218693+mmu:22196+mmu:22218+mmu:224045+mmu:225160+mmu:226982+mmu:237082+mmu:269113+mmu:26987+mmu:326622+mmu:331401+mmu:53319+mmu:54563+mmu:59015+mmu:66603+mmu:67053+mmu:67204+mmu:68969+mmu:69482+mmu:71805+mmu:72124+mmu:72787+mmu:75705+mmu:75826+mmu:78655","150","48","40","0.652"
"KEGG","TOLL-LIKE_RECEPTOR_SIGNALING_PATHWAY","4620","http://www.kegg.jp/kegg-bin/show_pathway?mmu04620+mmu:12524+mmu:12675+mmu:14281+mmu:15976+mmu:16151+mmu:16179+mmu:16193+mmu:16476+mmu:16803+mmu:17329+mmu:18707+mmu:18708+mmu:18709+mmu:18710+mmu:19353+mmu:19766+mmu:21926+mmu:22031+mmu:22034+mmu:225471+mmu:23797+mmu:26395+mmu:26398+mmu:26399+mmu:26400+mmu:26409+mmu:26410+mmu:26413+mmu:26414+mmu:26416+mmu:26420+mmu:29857+mmu:54473+mmu:56480+mmu:56489+mmu:66513+mmu:68652+mmu:74769","101","38","39","0.647"
"KEGG","VASOPRESSIN-REGULATED_WATER_REABSORPTION","4962","http://www.kegg.jp/kegg-bin/show_pathway?mmu04962+mmu:11512+mmu:11515+mmu:11829+mmu:12912+mmu:13191+mmu:13426+mmu:18195+mmu:18749+mmu:192662+mmu:19326+mmu:19344+mmu:19345+mmu:208647+mmu:20909+mmu:22318+mmu:231991+mmu:234663+mmu:235661+mmu:26427+mmu:271457+mmu:53869+mmu:68097","43","22","34","0.647"
"BIOCARTA","BIOCARTA_BCR_PATHWAY","","http://software.broadinstitute.org/gsea/msigdb/cards/BIOCARTA_BCR_PATHWAY","35","23","32","0.646"
"BIOCARTA","BIOCARTA_MPR_PATHWAY","","http://software.broadinstitute.org/gsea/msigdb/cards/BIOCARTA_MPR_PATHWAY","34","19","28","0.645"
"KEGG","TOXOPLASMOSIS","5145","http://www.kegg.jp/kegg-bin/show_pathway?mmu05145+mmu:105675+mmu:11798+mmu:12043+mmu:12048+mmu:12265+mmu:12367+mmu:12675+mmu:12703+mmu:14677+mmu:14678+mmu:14679+mmu:14681+mmu:15978+mmu:16151+mmu:16153+mmu:16154+mmu:16179+mmu:16403+mmu:16412+mmu:16451+mmu:16452+mmu:16774+mmu:16835+mmu:18036+mmu:18126+mmu:18707+mmu:18708+mmu:18709+mmu:18710+mmu:20848+mmu:21808+mmu:21809+mmu:21926+mmu:21937+mmu:22034+mmu:226519+mmu:228026+mmu:237625+mmu:23797+mmu:26399+mmu:26409+mmu:26413+mmu:26414+mmu:26416+mmu:26420+mmu:29857+mmu:66513+mmu:68652+mmu:74769","128","49","40","0.637"
"BIOCARTA","BIOCARTA_EDG1_PATHWAY","","http://software.broadinstitute.org/gsea/msigdb/cards/BIOCARTA_EDG1_PATHWAY","27","17","30","0.635"
"KEGG","PANCREATIC_SECRETION","4972","http://www.kegg.jp/kegg-bin/show_pathway?mmu04972+mmu:109905+mmu:11512+mmu:11513+mmu:11515+mmu:11848+mmu:11931+mmu:11932+mmu:11933+mmu:11938+mmu:11941+mmu:12349+mmu:12424+mmu:12671+mmu:14682+mmu:16438+mmu:16531+mmu:17274+mmu:18750+mmu:18751+mmu:18795+mmu:19353+mmu:20191+mmu:20496+mmu:20544+mmu:210044+mmu:215449+mmu:224129+mmu:232975+mmu:237625+mmu:381290+mmu:432530+mmu:53869+mmu:54403+mmu:67821+mmu:67972+mmu:98660","105","36","40","0.632"
"BIOCARTA","BIOCARTA_CARM_ER_PATHWAY","","http://software.broadinstitute.org/gsea/msigdb/cards/BIOCARTA_CARM_ER_PATHWAY","35","18","31","0.626"
"KEGG","NATURAL_KILLER_CELL_MEDIATED_CYTOTOXICITY","4650","http://www.kegg.jp/kegg-bin/show_pathway?mmu04650+mmu:109880+mmu:110157+mmu:12367+mmu:14102+mmu:14103+mmu:14360+mmu:14784+mmu:15461+mmu:15976+mmu:15978+mmu:16653+mmu:16822+mmu:170758+mmu:18019+mmu:18021+mmu:18176+mmu:18479+mmu:18707+mmu:18708+mmu:18709+mmu:18710+mmu:18750+mmu:18751+mmu:18803+mmu:19055+mmu:19056+mmu:19058+mmu:19229+mmu:19247+mmu:19353+mmu:20400+mmu:20416+mmu:20662+mmu:20663+mmu:21926+mmu:22177+mmu:22325+mmu:26395+mmu:26413+mmu:271849+mmu:54446+mmu:56398+mmu:57257+mmu:73181+mmu:74769","150","45","39","0.620"
"BIOCARTA","BIOCARTA_MYOSIN_PATHWAY","","http://software.broadinstitute.org/gsea/msigdb/cards/BIOCARTA_MYOSIN_PATHWAY","31","21","29","0.607"
"BIOCARTA","BIOCARTA_HDAC_PATHWAY","","http://software.broadinstitute.org/gsea/msigdb/cards/BIOCARTA_HDAC_PATHWAY","30","17","36","0.601"
"BIOCARTA","BIOCARTA_HIVNEF_PATHWAY","","http://software.broadinstitute.org/gsea/msigdb/cards/BIOCARTA_HIVNEF_PATHWAY","58","29","33","0.597"
"KEGG","CELL_ADHESION_MOLECULES_(CAMS)","4514","http://www.kegg.jp/kegg-bin/show_pathway?mmu04514+mmu:102657+mmu:104099+mmu:11658+mmu:12477+mmu:12487+mmu:12524+mmu:12558+mmu:12561+mmu:12562+mmu:12737+mmu:12738+mmu:12805+mmu:13003+mmu:15529+mmu:16401+mmu:16403+mmu:16412+mmu:16456+mmu:16728+mmu:17528+mmu:17967+mmu:18007+mmu:18189+mmu:18191+mmu:18260+mmu:18417+mmu:18613+mmu:192167+mmu:19264+mmu:19268+mmu:19294+mmu:20612+mmu:20969+mmu:20970+mmu:20971+mmu:216856+mmu:225825+mmu:241226+mmu:245537+mmu:269116+mmu:320840+mmu:320910+mmu:50723+mmu:53321+mmu:54167+mmu:54725+mmu:58235+mmu:60533+mmu:66797+mmu:68481+mmu:83964+mmu:94332","149","52","38","0.587"
"KEGG","TYPE_II_DIABETES_MELLITUS","4930","http://www.kegg.jp/kegg-bin/show_pathway?mmu04930+mmu:12286+mmu:12288+mmu:12289+mmu:12290+mmu:12291+mmu:12702+mmu:12703+mmu:15277+mmu:16337+mmu:16367+mmu:16370+mmu:18707+mmu:18708+mmu:18709+mmu:18710+mmu:18753+mmu:18754+mmu:18762+mmu:20528+mmu:21926+mmu:26413+mmu:26414+mmu:26420+mmu:56717+mmu:74769","49","25","35","0.583"
"KEGG","ALZHEIMER'S_DISEASE","5010","http://www.kegg.jp/kegg-bin/show_pathway?mmu05010+mmu:11487+mmu:11783+mmu:11820+mmu:11938+mmu:11947+mmu:12288+mmu:12289+mmu:12313+mmu:12314+mmu:12315+mmu:12334+mmu:12367+mmu:12369+mmu:12568+mmu:12569+mmu:12858+mmu:13666+mmu:14102+mmu:14682+mmu:14810+mmu:15925+mmu:16438+mmu:16956+mmu:16971+mmu:17380+mmu:17762+mmu:17993+mmu:18795+mmu:19055+mmu:19056+mmu:19058+mmu:19164+mmu:19165+mmu:20192+mmu:21926+mmu:21937+mmu:226548+mmu:228033+mmu:23821+mmu:26413+mmu:56175+mmu:56398+mmu:56637+mmu:66052+mmu:66694+mmu:66925+mmu:67264+mmu:67942+mmu:68318+mmu:68375+mmu:78943","179","51","41","0.563"
"BIOCARTA","BIOCARTA_GSK3_PATHWAY","","http://software.broadinstitute.org/gsea/msigdb/cards/BIOCARTA_GSK3_PATHWAY","27","15","32","0.554"
"BIOCARTA","BIOCARTA_INTEGRIN_PATHWAY","","http://software.broadinstitute.org/gsea/msigdb/cards/BIOCARTA_INTEGRIN_PATHWAY","38","24","32","0.554"
"BIOCARTA","BIOCARTA_VEGF_PATHWAY","","http://software.broadinstitute.org/gsea/msigdb/cards/BIOCARTA_VEGF_PATHWAY","29","16","29","0.554"
"KEGG","GLYCOSAMINOGLYCAN_BIOSYNTHESIS_HEPARAN_SULFATE","534","http://www.kegg.jp/kegg-bin/show_pathway?mmu00534+mmu:14042+mmu:15476+mmu:15478+mmu:15531+mmu:17423+mmu:195646+mmu:217119+mmu:23908+mmu:280645+mmu:319415+mmu:50786+mmu:54616+mmu:54710+mmu:56219+mmu:58193+mmu:72727+mmu:76898+mmu:83398+mmu:93683","26","19","23","0.552"
"KEGG","THYROID_CANCER","5216","http://www.kegg.jp/kegg-bin/show_pathway?mmu05216+mmu:108989+mmu:109880+mmu:12387+mmu:12443+mmu:15461+mmu:16653+mmu:18176+mmu:19016+mmu:19713+mmu:20181+mmu:20182+mmu:20183+mmu:21414+mmu:21416+mmu:26395+mmu:26413+mmu:27057+mmu:59069+mmu:76551","30","19","31","0.552"
"KEGG","PURINE_METABOLISM","230","http://www.kegg.jp/kegg-bin/show_pathway?mmu00230+mmu:109674+mmu:110639+mmu:11512+mmu:11513+mmu:11515+mmu:11534+mmu:11566+mmu:11636+mmu:11637+mmu:12495+mmu:12499+mmu:14544+mmu:15452+mmu:171567+mmu:18102+mmu:18573+mmu:18574+mmu:18575+mmu:18576+mmu:18577+mmu:18578+mmu:18582+mmu:18583+mmu:19139+mmu:20133+mmu:20135+mmu:207728+mmu:210044+mmu:218461+mmu:224129+mmu:229363+mmu:229589+mmu:229949+mmu:238871+mmu:23917+mmu:23959+mmu:23984+mmu:242202+mmu:245650+mmu:29863+mmu:382985+mmu:432530+mmu:54195+mmu:54369+mmu:54611+mmu:59001+mmu:66979+mmu:67005+mmu:67065+mmu:67464+mmu:67486+mmu:70408+mmu:72157","165","53","37","0.548"
"BIOCARTA","BIOCARTA_TNFR1_PATHWAY","","http://software.broadinstitute.org/gsea/msigdb/cards/BIOCARTA_TNFR1_PATHWAY","29","16","34","0.547"
"BIOCARTA","BIOCARTA_G1_PATHWAY","","http://software.broadinstitute.org/gsea/msigdb/cards/BIOCARTA_G1_PATHWAY","28","15","22","0.535"
"KEGG","HUNTINGTON'S_DISEASE","5016","http://www.kegg.jp/kegg-bin/show_pathway?mmu05016+mmu:108071+mmu:11771+mmu:11773+mmu:11783+mmu:11947+mmu:12064+mmu:12367+mmu:12757+mmu:12858+mmu:12912+mmu:13191+mmu:14682+mmu:14810+mmu:15114+mmu:16438+mmu:170770+mmu:17993+mmu:18181+mmu:18795+mmu:19016+mmu:19017+mmu:20466+mmu:20683+mmu:208647+mmu:21374+mmu:215114+mmu:21780+mmu:217864+mmu:22333+mmu:22334+mmu:228033+mmu:231991+mmu:237336+mmu:26427+mmu:328572+mmu:54152+mmu:66052+mmu:66694+mmu:66925+mmu:67264+mmu:67300+mmu:67942+mmu:68375+mmu:71770+mmu:72504","189","45","39","0.528"
"KEGG","LYSINE_DEGRADATION","310","http://www.kegg.jp/kegg-bin/show_pathway?mmu00310+mmu:107823+mmu:110147+mmu:11671+mmu:18193+mmu:18293+mmu:192195+mmu:208266+mmu:20937+mmu:225888+mmu:232811+mmu:234135+mmu:26432+mmu:269132+mmu:67956+mmu:73251+mmu:78920+mmu:84505","43","17","31","0.528"
"BIOCARTA","BIOCARTA_RACCYCD_PATHWAY","","http://software.broadinstitute.org/gsea/msigdb/cards/BIOCARTA_RACCYCD_PATHWAY","26","15","25","0.523"
"BIOCARTA","BIOCARTA_IL2RB_PATHWAY","","http://software.broadinstitute.org/gsea/msigdb/cards/BIOCARTA_IL2RB_PATHWAY","38","21","30","0.521"
"BIOCARTA","BIOCARTA_RHO_PATHWAY","","http://software.broadinstitute.org/gsea/msigdb/cards/BIOCARTA_RHO_PATHWAY","32","20","29","0.505"
"KEGG","CARBOHYDRATE_DIGESTION_AND_ABSORPTION","4973","http://www.kegg.jp/kegg-bin/show_pathway?mmu04973+mmu:11931+mmu:11932+mmu:11933+mmu:12289+mmu:14377+mmu:15277+mmu:18707+mmu:18708+mmu:18709+mmu:18710+mmu:18751+mmu:232975+mmu:23797+mmu:67821+mmu:74769+mmu:98660","39","16","34","0.505"
"BIOCARTA","BIOCARTA_STRESS_PATHWAY","","http://software.broadinstitute.org/gsea/msigdb/cards/BIOCARTA_STRESS_PATHWAY","25","14","30","0.492"
"BIOCARTA","BIOCARTA_NO1_PATHWAY","","http://software.broadinstitute.org/gsea/msigdb/cards/BIOCARTA_NO1_PATHWAY","31","18","26","0.488"
"KEGG","RIG-I-LIKE_RECEPTOR_SIGNALING_PATHWAY","4622","http://www.kegg.jp/kegg-bin/show_pathway?mmu04622+mmu:11793+mmu:12675+mmu:13205+mmu:16151+mmu:18036+mmu:19766+mmu:21353+mmu:217069+mmu:21926+mmu:22031+mmu:22034+mmu:228607+mmu:23988+mmu:26401+mmu:26409+mmu:26414+mmu:26416+mmu:26420+mmu:26900+mmu:29857+mmu:56480+mmu:56489+mmu:66641+mmu:73174+mmu:74256","69","25","33","0.486"
"KEGG","LYSOSOME","4142","http://www.kegg.jp/kegg-bin/show_pathway?mmu04142+mmu:108011+mmu:108012+mmu:108664+mmu:11305+mmu:11765+mmu:11769+mmu:11774+mmu:11776+mmu:11777+mmu:11881+mmu:11972+mmu:12751+mmu:12757+mmu:14420+mmu:14667+mmu:15211+mmu:15931+mmu:16004+mmu:16783+mmu:16784+mmu:16889+mmu:17113+mmu:17775+mmu:18010+mmu:18145+mmu:18174+mmu:19025+mmu:19156+mmu:192654+mmu:20661+mmu:239739+mmu:260302+mmu:27029+mmu:27426+mmu:432486+mmu:53599+mmu:54397+mmu:55946+mmu:56325+mmu:56629+mmu:58911+mmu:67300+mmu:67464+mmu:67963+mmu:74105+mmu:75612+mmu:83429","121","47","35","0.484"
"KEGG","NOD-LIKE_RECEPTOR_SIGNALING_PATHWAY","4621","http://www.kegg.jp/kegg-bin/show_pathway?mmu04621+mmu:11798+mmu:12675+mmu:16151+mmu:16193+mmu:18036+mmu:192656+mmu:20306+mmu:20310+mmu:21926+mmu:21929+mmu:22027+mmu:22034+mmu:26409+mmu:26413+mmu:26414+mmu:26416+mmu:26420+mmu:29857+mmu:59079+mmu:66513+mmu:66724+mmu:67955+mmu:68652","62","23","32","0.484"
"KEGG","SNARE_INTERACTIONS_IN_VESICULAR_TRANSPORT","4130","http://www.kegg.jp/kegg-bin/show_pathway?mmu04130+mmu:12068+mmu:13852+mmu:20614+mmu:20619+mmu:20907+mmu:20908+mmu:20909+mmu:22317+mmu:22318+mmu:22319+mmu:228960+mmu:53330+mmu:53334+mmu:53611+mmu:53612+mmu:53620+mmu:55943+mmu:56389+mmu:56418+mmu:56494+mmu:58244+mmu:67727","35","22","27","0.482"
"KEGG","AMYOTROPHIC_LATERAL_SCLEROSIS_(ALS)","5014","http://www.kegg.jp/kegg-bin/show_pathway?mmu05014+mmu:11783+mmu:12043+mmu:12048+mmu:12367+mmu:14800+mmu:14810+mmu:18039+mmu:18040+mmu:19055+mmu:19056+mmu:19058+mmu:19353+mmu:20511+mmu:21926+mmu:21937+mmu:21938+mmu:26399+mmu:26408+mmu:26416+mmu:271457+mmu:29857+mmu:56398+mmu:641376+mmu:74018","56","24","32","0.481"
"KEGG","NOTCH_SIGNALING_PATHWAY","4330","http://www.kegg.jp/kegg-bin/show_pathway?mmu04330+mmu:103806+mmu:13017+mmu:13388+mmu:13543+mmu:15208+mmu:16449+mmu:16848+mmu:18223+mmu:18519+mmu:19164+mmu:19165+mmu:19664+mmu:20602+mmu:207521+mmu:226548+mmu:270118+mmu:328572+mmu:54485+mmu:68318+mmu:74198","49","20","32","0.480"
"KEGG","SPLICEOSOME","3040","http://www.kegg.jp/kegg-bin/show_pathway?mmu03040+mmu:108014+mmu:110809+mmu:13204+mmu:13207+mmu:14105+mmu:15381+mmu:15382+mmu:15387+mmu:19655+mmu:20382+mmu:20462+mmu:20630+mmu:20637+mmu:225027+mmu:225160+mmu:229279+mmu:27756+mmu:28000+mmu:331401+mmu:51810+mmu:54614+mmu:56070+mmu:56194+mmu:57317+mmu:66492+mmu:66877+mmu:66921+mmu:67039+mmu:67958+mmu:67996+mmu:68816+mmu:70767+mmu:71702+mmu:71713+mmu:72047+mmu:76479+mmu:76936+mmu:76938+mmu:81898","126","39","31","0.479"
"BIOCARTA","BIOCARTA_FAS_PATHWAY","","http://software.broadinstitute.org/gsea/msigdb/cards/BIOCARTA_FAS_PATHWAY","30","16","28","0.475"
"KEGG","PHAGOSOME","4145","http://www.kegg.jp/kegg-bin/show_pathway?mmu04145+mmu:100226+mmu:108078+mmu:108664+mmu:11465+mmu:11964+mmu:11966+mmu:11972+mmu:11973+mmu:12330+mmu:13058+mmu:13426+mmu:16402+mmu:16412+mmu:16416+mmu:16783+mmu:16784+mmu:17113+mmu:17534+mmu:18711+mmu:19344+mmu:19345+mmu:19353+mmu:216238+mmu:21825+mmu:22042+mmu:22151+mmu:22319+mmu:234663+mmu:235661+mmu:271457+mmu:53421+mmu:57743+mmu:73710+mmu:74915","174","34","33","0.475"
"KEGG","VIRAL_MYOCARDITIS","5416","http://www.kegg.jp/kegg-bin/show_pathway?mmu05416+mmu:11350+mmu:11352+mmu:11465+mmu:12367+mmu:12443+mmu:12487+mmu:12524+mmu:13052+mmu:13138+mmu:13405+mmu:13690+mmu:14360+mmu:170758+mmu:17879+mmu:17880+mmu:17882+mmu:17884+mmu:17886+mmu:19353+mmu:208643+mmu:24051+mmu:24052+mmu:77579","89","23","35","0.462"
"BIOCARTA","BIOCARTA_FMLP_PATHWAY","","http://software.broadinstitute.org/gsea/msigdb/cards/BIOCARTA_FMLP_PATHWAY","37","19","30","0.455"
"KEGG","GLYCOSPHINGOLIPID_BIOSYNTHESIS_LACTO_AND_NEOLACTO_SERIES","601","http://www.kegg.jp/kegg-bin/show_pathway?mmu00601+mmu:108105+mmu:108902+mmu:14343+mmu:14345+mmu:14348+mmu:14538+mmu:14595+mmu:20441+mmu:20449+mmu:26877+mmu:26878+mmu:53418+mmu:53625+mmu:54613+mmu:56375+mmu:57370","26","16","27","0.453"
"KEGG","PRION_DISEASES","5020","http://www.kegg.jp/kegg-bin/show_pathway?mmu05020+mmu:13653+mmu:13712+mmu:14360+mmu:14828+mmu:15139+mmu:16175+mmu:16193+mmu:17967+mmu:18749+mmu:19122+mmu:226519+mmu:26395+mmu:26413","35","13","29","0.451"
"BIOCARTA","BIOCARTA_IL1R_PATHWAY","","http://software.broadinstitute.org/gsea/msigdb/cards/BIOCARTA_IL1R_PATHWAY","33","17","30","0.450"
"BIOCARTA","BIOCARTA_MCALPAIN_PATHWAY","","http://software.broadinstitute.org/gsea/msigdb/cards/BIOCARTA_MCALPAIN_PATHWAY","25","14","25","0.440"
"BIOCARTA","BIOCARTA_TOLL_PATHWAY","","http://software.broadinstitute.org/gsea/msigdb/cards/BIOCARTA_TOLL_PATHWAY","37","16","30","0.424"
"KEGG","LEISHMANIASIS","5140","http://www.kegg.jp/kegg-bin/show_pathway?mmu05140+mmu:13712+mmu:14281+mmu:15978+mmu:16153+mmu:16175+mmu:16179+mmu:16401+mmu:16412+mmu:16451+mmu:16452+mmu:16476+mmu:17357+mmu:18036+mmu:18126+mmu:18751+mmu:19225+mmu:21808+mmu:21809+mmu:21926+mmu:22034+mmu:26409+mmu:26413+mmu:26416+mmu:29857+mmu:66513+mmu:68652","65","26","32","0.419"
"KEGG","SPHINGOLIPID_METABOLISM","600","http://www.kegg.jp/kegg-bin/show_pathway?mmu00600+mmu:14420+mmu:18010+mmu:19012+mmu:20397+mmu:208449+mmu:22234+mmu:22239+mmu:230379+mmu:433323+mmu:50877+mmu:56386+mmu:56632+mmu:58994+mmu:66190+mmu:67916+mmu:81535","41","16","30","0.415"
"KEGG","N-GLYCAN_BIOSYNTHESIS","510","http://www.kegg.jp/kegg-bin/show_pathway?mmu00510+mmu:102580+mmu:103963+mmu:13480+mmu:14376+mmu:14595+mmu:16430+mmu:17155+mmu:17156+mmu:17158+mmu:17309+mmu:20014+mmu:20440+mmu:217664+mmu:227619+mmu:230815+mmu:269181+mmu:53418+mmu:53618+mmu:57170+mmu:57370+mmu:57377+mmu:68292+mmu:80286","50","23","28","0.405"
"KEGG","GLYCEROPHOSPHOLIPID_METABOLISM","564","http://www.kegg.jp/kegg-bin/show_pathway?mmu00564+mmu:104418+mmu:110911+mmu:12660+mmu:13139+mmu:14555+mmu:14732+mmu:14792+mmu:18777+mmu:18805+mmu:18806+mmu:19012+mmu:19210+mmu:192654+mmu:210992+mmu:214253+mmu:217480+mmu:218121+mmu:225010+mmu:227333+mmu:236899+mmu:237625+mmu:26394+mmu:28042+mmu:320127+mmu:320951+mmu:380921+mmu:55979+mmu:56077+mmu:66826+mmu:67216+mmu:67916+mmu:74596+mmu:75320+mmu:99712","79","34","31","0.401"
"KEGG","CYSTEINE_AND_METHIONINE_METABOLISM","270","http://www.kegg.jp/kegg-bin/show_pathway?mmu00270+mmu:108645+mmu:11720+mmu:12583+mmu:13433+mmu:13435+mmu:13436+mmu:14719+mmu:16832+mmu:20603+mmu:20810+mmu:229709+mmu:232087+mmu:74340","38","13","27","0.383"
"KEGG","CARDIAC_MUSCLE_CONTRACTION","4260","http://www.kegg.jp/kegg-bin/show_pathway?mmu04260+mmu:11464+mmu:11931+mmu:11932+mmu:11933+mmu:11938+mmu:12288+mmu:12289+mmu:12294+mmu:12296+mmu:12297+mmu:12298+mmu:12858+mmu:20191+mmu:20541+mmu:20544+mmu:22003+mmu:232975+mmu:59069+mmu:66694+mmu:67821+mmu:98660","79","21","25","0.369"
"KEGG","ANTIGEN_PROCESSING_AND_PRESENTATION","4612","http://www.kegg.jp/kegg-bin/show_pathway?mmu04612+mmu:12265+mmu:12330+mmu:12912+mmu:14827+mmu:14828+mmu:15525+mmu:15978+mmu:170767+mmu:18044+mmu:18045+mmu:19192+mmu:19727+mmu:21926+mmu:53970+mmu:65972","78","15","29","0.365"
"KEGG","O-GLYCAN_BIOSYNTHESIS","512","http://www.kegg.jp/kegg-bin/show_pathway?mmu00512+mmu:108148+mmu:108150+mmu:14423+mmu:14425+mmu:14537+mmu:20442+mmu:20444+mmu:230145+mmu:241391+mmu:271786+mmu:56336+mmu:71685+mmu:94192","28","13","20","0.345"
"KEGG","PARKINSON'S_DISEASE","5012","http://www.kegg.jp/kegg-bin/show_pathway?mmu05012+mmu:11783+mmu:11947+mmu:12367+mmu:12858+mmu:14763+mmu:17993+mmu:22195+mmu:22333+mmu:22334+mmu:228033+mmu:56228+mmu:56791+mmu:66052+mmu:66694+mmu:66725+mmu:66925+mmu:67128+mmu:67264+mmu:67847+mmu:67942+mmu:68375","141","21","22","0.325"
"KEGG","OXIDATIVE_PHOSPHORYLATION","190","http://www.kegg.jp/kegg-bin/show_pathway?mmu00190+mmu:108664+mmu:11947+mmu:11964+mmu:11966+mmu:11972+mmu:11973+mmu:12858+mmu:17993+mmu:228033+mmu:66052+mmu:66694+mmu:66925+mmu:67264+mmu:67942+mmu:68375+mmu:74915","140","16","20","0.324"
"KEGG","PPAR_SIGNALING_PATHWAY","3320","http://www.kegg.jp/kegg-bin/show_pathway?mmu03320+mmu:108078+mmu:14081+mmu:16202+mmu:16956+mmu:17436+mmu:18607+mmu:19013+mmu:19015+mmu:19016+mmu:20181+mmu:20182+mmu:20183+mmu:20249+mmu:20250+mmu:20411+mmu:216739+mmu:22190+mmu:26569+mmu:329065+mmu:50790+mmu:56473+mmu:57875+mmu:74205+mmu:74551","80","24","28","0.318"
"KEGG","MALARIA","5144","http://www.kegg.jp/kegg-bin/show_pathway?mmu05144+mmu:12985+mmu:15234+mmu:15529+mmu:15978+mmu:16153+mmu:16193+mmu:16971+mmu:17295+mmu:18613+mmu:20969+mmu:20970+mmu:20971+mmu:21808+mmu:21809+mmu:21825+mmu:21926","54","16","29","0.309"
"KEGG","ETHER_LIPID_METABOLISM","565","http://www.kegg.jp/kegg-bin/show_pathway?mmu00565+mmu:18472+mmu:18475+mmu:18606+mmu:18805+mmu:18806+mmu:19012+mmu:210992+mmu:228061+mmu:237625+mmu:28042+mmu:67916+mmu:99712","35","12","23","0.306"
"KEGG","BASAL_TRANSCRIPTION_FACTORS","3022","http://www.kegg.jp/kegg-bin/show_pathway?mmu03022+mmu:102162+mmu:14884+mmu:14886+mmu:21374+mmu:226182+mmu:229906+mmu:237336+mmu:24075+mmu:319944+mmu:407786+mmu:66464+mmu:72504+mmu:74197+mmu:83602+mmu:99730","36","15","25","0.295"
"KEGG","SYSTEMIC_LUPUS_ERYTHEMATOSUS","5322","http://www.kegg.jp/kegg-bin/show_pathway?mmu05322+mmu:109711+mmu:12487+mmu:12524+mmu:15078+mmu:15081+mmu:15139+mmu:15270+mmu:15978+mmu:16153+mmu:20822+mmu:21926+mmu:232440+mmu:319158+mmu:404634+mmu:51788","150","15","20","0.290"
"BIOCARTA","BIOCARTA_DEATH_PATHWAY","","http://software.broadinstitute.org/gsea/msigdb/cards/BIOCARTA_DEATH_PATHWAY","33","10","21","0.281"
"BIOCARTA","BIOCARTA_INFLAM_PATHWAY","","http://software.broadinstitute.org/gsea/msigdb/cards/BIOCARTA_INFLAM_PATHWAY","29","11","19","0.272"
"KEGG","HEMATOPOIETIC_CELL_LINEAGE","4640","http://www.kegg.jp/kegg-bin/show_pathway?mmu04640+mmu:12505+mmu:12509+mmu:12977+mmu:12985+mmu:16175+mmu:16193+mmu:16194+mmu:16197+mmu:16199+mmu:16400+mmu:16401+mmu:16402+mmu:16403+mmu:16416+mmu:16590+mmu:16790+mmu:17311+mmu:17380+mmu:21926+mmu:22042","83","20","23","0.265"
"KEGG","GLYCEROLIPID_METABOLISM","561","http://www.kegg.jp/kegg-bin/show_pathway?mmu00561+mmu:104418+mmu:11671+mmu:13139+mmu:14732+mmu:16891+mmu:16956+mmu:19012+mmu:217480+mmu:218121+mmu:225010+mmu:227333+mmu:235582+mmu:23945+mmu:320127+mmu:380921+mmu:55979+mmu:56077+mmu:67216+mmu:67916","50","19","24","0.259"
"KEGG","REGULATION_OF_AUTOPHAGY","4140","http://www.kegg.jp/kegg-bin/show_pathway?mmu04140+mmu:105787+mmu:108079+mmu:11793+mmu:15978+mmu:22241+mmu:235040+mmu:29869+mmu:56208+mmu:57436+mmu:666468+mmu:71742+mmu:74244","35","12","23","0.259"
"KEGG","PEROXISOME","4146","http://www.kegg.jp/kegg-bin/show_pathway?mmu04146+mmu:14081+mmu:15112+mmu:15926+mmu:18126+mmu:19298+mmu:19301+mmu:19305+mmu:216739+mmu:228061+mmu:269951+mmu:50790+mmu:56535+mmu:67420+mmu:72129+mmu:74114+mmu:74205","80","16","23","0.257"
"KEGG","PYRIMIDINE_METABOLISM","240","http://www.kegg.jp/kegg-bin/show_pathway?mmu00240+mmu:110074+mmu:12495+mmu:12499+mmu:171567+mmu:18102+mmu:20133+mmu:20135+mmu:22169+mmu:23959+mmu:382985+mmu:50493+mmu:54369+mmu:56248+mmu:57813+mmu:59001+mmu:66588+mmu:66979+mmu:67005+mmu:67065+mmu:67464+mmu:67486+mmu:70408+mmu:72269","98","23","21","0.249"
"KEGG","ABC_TRANSPORTERS","2010","http://www.kegg.jp/kegg-bin/show_pathway?mmu02010+mmu:11303+mmu:11305+mmu:11306+mmu:11307+mmu:17250+mmu:192663+mmu:239273+mmu:27405+mmu:27416+mmu:56325+mmu:74104","45","11","21","0.225"
"KEGG","ARGININE_AND_PROLINE_METABOLISM","330","http://www.kegg.jp/kegg-bin/show_pathway?mmu00330+mmu:11671+mmu:14660+mmu:14719+mmu:17161+mmu:18126+mmu:18263+mmu:18451+mmu:18452+mmu:20229+mmu:20603+mmu:20810+mmu:216456+mmu:227231+mmu:242669+mmu:67092","53","15","21","0.215"
"KEGG","CITRATE_CYCLE_(TCA_CYCLE)","20","http://www.kegg.jp/kegg-bin/show_pathway?mmu00020+mmu:104112+mmu:11428+mmu:11429+mmu:12974+mmu:15926+mmu:18293+mmu:18563+mmu:18597+mmu:20916+mmu:235339+mmu:269951+mmu:27402+mmu:66052+mmu:66925+mmu:74551+mmu:78920","32","16","20","0.213"
"KEGG","PROTEIN_EXPORT","3060","http://www.kegg.jp/kegg-bin/show_pathway?mmu03060+mmu:140740+mmu:14828+mmu:27058+mmu:53421+mmu:56529+mmu:57743+mmu:66384+mmu:66624+mmu:66661+mmu:67398+mmu:69276+mmu:76687","29","12","16","0.209"
"KEGG","BIOSYNTHESIS_OF_UNSATURATED_FATTY_ACIDS","1040","http://www.kegg.jp/kegg-bin/show_pathway?mmu01040+mmu:170439+mmu:20249+mmu:20250+mmu:329065+mmu:54326+mmu:56473+mmu:68801+mmu:70025+mmu:76267","25","9","16","0.205"
"KEGG","TYPE_I_DIABETES_MELLITUS","4940","http://www.kegg.jp/kegg-bin/show_pathway?mmu04940+mmu:12487+mmu:12524+mmu:12876+mmu:14102+mmu:14103+mmu:14415+mmu:14417+mmu:15510+mmu:15893+mmu:15978+mmu:16175+mmu:21926","59","12","19","0.204"
"KEGG","ALANINE_ASPARTATE_AND_GLUTAMATE_METABOLISM","250","http://www.kegg.jp/kegg-bin/show_pathway?mmu00250+mmu:108682+mmu:11566+mmu:14415+mmu:14417+mmu:14584+mmu:14660+mmu:14719+mmu:216456+mmu:227231+mmu:268860","32","10","18","0.201"
"KEGG","AMINO_SUGAR_AND_NUCLEOTIDE_SUGAR_METABOLISM","520","http://www.kegg.jp/kegg-bin/show_pathway?mmu00520+mmu:109785+mmu:14584+mmu:15211+mmu:15277+mmu:216558+mmu:218138+mmu:22235+mmu:26384+mmu:54342+mmu:67311+mmu:67883+mmu:72157+mmu:74091+mmu:74246","47","14","18","0.186"
"KEGG","CYTOSOLIC_DNA-SENSING_PATHWAY","4623","http://www.kegg.jp/kegg-bin/show_pathway?mmu04623+mmu:12675+mmu:16151+mmu:16193+mmu:18036+mmu:19766+mmu:228607+mmu:56417+mmu:56480+mmu:56489+mmu:67005+mmu:67065+mmu:67486+mmu:70408+mmu:77125","55","14","17","0.183"
"KEGG","GALACTOSE_METABOLISM","52","http://www.kegg.jp/kegg-bin/show_pathway?mmu00052+mmu:14377+mmu:14595+mmu:15277+mmu:16770+mmu:216558+mmu:53418+mmu:56421+mmu:72157+mmu:74246","27","9","18","0.183"
"KEGG","NUCLEOTIDE_EXCISION_REPAIR","3420","http://www.kegg.jp/kegg-bin/show_pathway?mmu03420+mmu:13871+mmu:14884+mmu:19358+mmu:19359+mmu:19687+mmu:19891+mmu:26370+mmu:319955+mmu:59001+mmu:66671+mmu:66979+mmu:68275+mmu:72584+mmu:99375","43","14","17","0.182"
"KEGG","TASTE_TRANSDUCTION","4742","http://www.kegg.jp/kegg-bin/show_pathway?mmu04742+mmu:11418+mmu:11512+mmu:12286+mmu:14688+mmu:14704+mmu:16500+mmu:18573+mmu:18749+mmu:20276","60","9","16","0.175"
"KEGG","STARCH_AND_SUCROSE_METABOLISM","500","http://www.kegg.jp/kegg-bin/show_pathway?mmu00500+mmu:14377+mmu:14936+mmu:15277+mmu:216558+mmu:22235+mmu:67883+mmu:70974+mmu:72157+mmu:77559","44","9","18","0.174"
"KEGG","GLYCOLYSIS_GLUCONEOGENESIS","10","http://www.kegg.jp/kegg-bin/show_pathway?mmu00010+mmu:11671+mmu:11674+mmu:11676+mmu:14377+mmu:15277+mmu:16832+mmu:18597+mmu:235339+mmu:27402+mmu:56421+mmu:56847+mmu:72157+mmu:74551","60","13","18","0.169"
"KEGG","INTESTINAL_IMMUNE_NETWORK_FOR_IGA_PRODUCTION","4672","http://www.kegg.jp/kegg-bin/show_pathway?mmu04672+mmu:11628+mmu:12487+mmu:12524+mmu:16153+mmu:16193+mmu:16401+mmu:17000+mmu:20315+mmu:50723+mmu:53859+mmu:54167","44","11","17","0.167"
"KEGG","GLUTATHIONE_METABOLISM","480","http://www.kegg.jp/kegg-bin/show_pathway?mmu00480+mmu:14629+mmu:14778+mmu:15926+mmu:16790+mmu:18263+mmu:20133+mmu:20135+mmu:20603+mmu:207182+mmu:20810+mmu:23887+mmu:269951+mmu:382985+mmu:66073+mmu:67305","54","15","16","0.157"
"KEGG","MATURITY_ONSET_DIABETES_OF_THE_YOUNG","4950","http://www.kegg.jp/kegg-bin/show_pathway?mmu04950+mmu:11925+mmu:15242+mmu:15285+mmu:18012+mmu:18088+mmu:21410+mmu:26424+mmu:30942","26","8","17","0.152"
"KEGG","COMPLEMENT_AND_COAGULATION_CASCADES","4610","http://www.kegg.jp/kegg-bin/show_pathway?mmu04610+mmu:12509+mmu:14062+mmu:14066+mmu:15139+mmu:17174+mmu:18787+mmu:18792+mmu:74145+mmu:99571","76","9","14","0.148"
"KEGG","FATTY_ACID_METABOLISM","71","http://www.kegg.jp/kegg-bin/show_pathway?mmu00071+mmu:11671+mmu:14081+mmu:216739+mmu:231086+mmu:50790+mmu:66885+mmu:74205","47","7","14","0.134"
"KEGG","FRUCTOSE_AND_MANNOSE_METABOLISM","51","http://www.kegg.jp/kegg-bin/show_pathway?mmu00051+mmu:11674+mmu:11676+mmu:15277+mmu:170768+mmu:18640+mmu:218138+mmu:219135+mmu:270198+mmu:56421+mmu:77116","36","10","13","0.134"
"KEGG","GLYCOSYLPHOSPHATIDYLINOSITOL(GPI)-ANCHOR_BIOSYNTHESIS","563","http://www.kegg.jp/kegg-bin/show_pathway?mmu00563+mmu:110417+mmu:18700+mmu:228812+mmu:230801+mmu:276846+mmu:329777+mmu:55981+mmu:67556","25","8","13","0.134"
"KEGG","GRAFT-VERSUS-HOST_DISEASE","5332","http://www.kegg.jp/kegg-bin/show_pathway?mmu05332+mmu:12487+mmu:12524+mmu:14102+mmu:14103+mmu:15978+mmu:16175+mmu:16193+mmu:21926","54","8","11","0.132"
"KEGG","COLLECTING_DUCT_ACID_SECRETION","4966","http://www.kegg.jp/kegg-bin/show_pathway?mmu04966+mmu:11964+mmu:11966+mmu:11972+mmu:11973+mmu:12349+mmu:20533+mmu:74915","27","7","12","0.131"
"KEGG","BUTANOATE_METABOLISM","650","http://www.kegg.jp/kegg-bin/show_pathway?mmu00650+mmu:14415+mmu:14417+mmu:18597+mmu:268860+mmu:272428","30","5","14","0.125"
"KEGG","PRIMARY_IMMUNODEFICIENCY","5340","http://www.kegg.jp/kegg-bin/show_pathway?mmu05340+mmu:11628+mmu:12265+mmu:16151+mmu:16197+mmu:170767+mmu:19264+mmu:19373+mmu:19727+mmu:53970+mmu:54167","34","10","10","0.119"
"KEGG","ALLOGRAFT_REJECTION","5330","http://www.kegg.jp/kegg-bin/show_pathway?mmu05330+mmu:12487+mmu:12524+mmu:14102+mmu:14103+mmu:15978+mmu:16153+mmu:21926","52","7","10","0.117"
"KEGG","PYRUVATE_METABOLISM","620","http://www.kegg.jp/kegg-bin/show_pathway?mmu00620+mmu:107476+mmu:109264+mmu:11671+mmu:16832+mmu:17436+mmu:18563+mmu:18597+mmu:235339+mmu:27402+mmu:74551","43","10","12","0.108"
"KEGG","PENTOSE_PHOSPHATE_PATHWAY","30","http://www.kegg.jp/kegg-bin/show_pathway?mmu00030+mmu:110639+mmu:11674+mmu:11676+mmu:19139+mmu:19895+mmu:56421+mmu:66646+mmu:72157","28","8","9","0.107"
"KEGG","NICOTINATE_AND_NICOTINAMIDE_METABOLISM","760","http://www.kegg.jp/kegg-bin/show_pathway?mmu00760+mmu:192185+mmu:226518+mmu:23959+mmu:59027","26","4","11","0.106"
"KEGG","GLYCINE_SERINE_AND_THREONINE_METABOLISM","260","http://www.kegg.jp/kegg-bin/show_pathway?mmu00260+mmu:100678+mmu:104174+mmu:17161+mmu:235582+mmu:27364+mmu:67092","34","6","10","0.101"
"KEGG","ARACHIDONIC_ACID_METABOLISM","590","http://www.kegg.jp/kegg-bin/show_pathway?mmu00590+mmu:14778+mmu:19225+mmu:207182+mmu:237625+mmu:23887+mmu:64292+mmu:67305","86","7","8","0.088"
"KEGG","VALINE_LEUCINE_AND_ISOLEUCINE_DEGRADATION","280","http://www.kegg.jp/kegg-bin/show_pathway?mmu00280+mmu:11671+mmu:11992+mmu:12035+mmu:12036+mmu:13171+mmu:231086+mmu:268860+mmu:66885","48","8","10","0.088"
"KEGG","RETINOL_METABOLISM","830","http://www.kegg.jp/kegg-bin/show_pathway?mmu00830+mmu:19378+mmu:232174+mmu:98711","77","3","7","0.087"
"KEGG","DRUG_METABOLISM_OTHER_ENZYMES","983","http://www.kegg.jp/kegg-bin/show_pathway?mmu00983+mmu:15452+mmu:229363+mmu:23917+mmu:57813+mmu:72269","57","5","7","0.084"
"KEGG","PROTEASOME","3050","http://www.kegg.jp/kegg-bin/show_pathway?mmu03050+mmu:103554+mmu:15978+mmu:17463+mmu:19192+mmu:26440+mmu:69077","45","6","9","0.084"
"BIOCARTA","BIOCARTA_NKT_PATHWAY","","http://software.broadinstitute.org/gsea/msigdb/cards/BIOCARTA_NKT_PATHWAY","28","5","7","0.078"
"KEGG","AUTOIMMUNE_THYROID_DISEASE","5320","http://www.kegg.jp/kegg-bin/show_pathway?mmu05320+mmu:12477+mmu:12487+mmu:12524+mmu:14102+mmu:14103+mmu:16153","67","6","7","0.069"
"KEGG","PHOTOTRANSDUCTION","4744","http://www.kegg.jp/kegg-bin/show_pathway?mmu04744+mmu:109689+mmu:12313+mmu:12314+mmu:12315+mmu:14688+mmu:245650","29","6","8","0.067"
"KEGG","BASE_EXCISION_REPAIR","3410","http://www.kegg.jp/kegg-bin/show_pathway?mmu03410+mmu:15289+mmu:21665+mmu:59001+mmu:66979+mmu:71726","38","5","7","0.063"
"KEGG","STAPHYLOCOCCUS_AUREUS_INFECTION","5150","http://www.kegg.jp/kegg-bin/show_pathway?mmu05150+mmu:15139+mmu:16153+mmu:17174+mmu:99571","51","4","7","0.061"
"KEGG","HOMOLOGOUS_RECOMBINATION","3440","http://www.kegg.jp/kegg-bin/show_pathway?mmu03440+mmu:19360+mmu:19364+mmu:19891+mmu:68275","27","4","6","0.054"
"KEGG","DNA_REPLICATION","3030","http://www.kegg.jp/kegg-bin/show_pathway?mmu03030+mmu:19687+mmu:19891+mmu:59001+mmu:66979+mmu:68275","35","5","6","0.050"
"KEGG","PENTOSE_AND_GLUCURONATE_INTERCONVERSIONS","40","http://www.kegg.jp/kegg-bin/show_pathway?mmu00040+mmu:11671+mmu:216558+mmu:22235+mmu:66646","29","4","5","0.048"
"KEGG","PORPHYRIN_AND_CHLOROPHYLL_METABOLISM","860","http://www.kegg.jp/kegg-bin/show_pathway?mmu00860+mmu:12892+mmu:15369+mmu:77697","39","3","4","0.046"
"KEGG","STEROID_HORMONE_BIOSYNTHESIS","140","http://www.kegg.jp/kegg-bin/show_pathway?mmu00140+mmu:13075+mmu:13078+mmu:15484+mmu:15496","53","4","5","0.045"
"KEGG","RNA_POLYMERASE","3020","http://www.kegg.jp/kegg-bin/show_pathway?mmu03020+mmu:67005+mmu:67065+mmu:67486+mmu:70408","28","4","5","0.044"
"KEGG","PROPANOATE_METABOLISM","640","http://www.kegg.jp/kegg-bin/show_pathway?mmu00640+mmu:107476+mmu:11671+mmu:16832+mmu:20916+mmu:268860","32","5","4","0.041"
"KEGG","TRYPTOPHAN_METABOLISM","380","http://www.kegg.jp/kegg-bin/show_pathway?mmu00380+mmu:11671+mmu:13078+mmu:17161+mmu:18293+mmu:22375","43","5","5","0.041"
"KEGG","METABOLISM_OF_XENOBIOTICS_BY_CYTOCHROME_P450","980","http://www.kegg.jp/kegg-bin/show_pathway?mmu00980+mmu:13078+mmu:56847","75","2","3","0.038"
"KEGG","AMINOACYL-TRNA_BIOSYNTHESIS","970","http://www.kegg.jp/kegg-bin/show_pathway?mmu00970+mmu:212679+mmu:22375+mmu:226414+mmu:234734+mmu:69606","64","5","4","0.035"
"KEGG","TYROSINE_METABOLISM","350","http://www.kegg.jp/kegg-bin/show_pathway?mmu00350+mmu:14719+mmu:17161+mmu:56847","36","3","4","0.032"
"KEGG","DRUG_METABOLISM_CYTOCHROME_P450","982","http://www.kegg.jp/kegg-bin/show_pathway?mmu00982+mmu:17161+mmu:56847","85","2","2","0.028"
"KEGG","HISTIDINE_METABOLISM","340","http://www.kegg.jp/kegg-bin/show_pathway?mmu00340+mmu:11671+mmu:17161+mmu:56847","25","3","3","0.023"
"KEGG","RIBOSOME","3010","http://www.kegg.jp/kegg-bin/show_pathway?mmu03010+mmu:67945","110","1","1","0.013"
"KEGG","LINOLEIC_ACID_METABOLISM","591","http://www.kegg.jp/kegg-bin/show_pathway?mmu00591+mmu:237625","45","1","1","0.008"
